,game_id,home_team_x,away_team_x,posteam_x,Total_EPA_x,Total_Yards_Gained_x,Air_Yards_x,Turnovers_x,Total_Rush_Attempts_x,Total_Pass_Attempts_x,total_away_score_x,total_home_score_x,Winner_x,MA_EPA_x,MA_yards_gained_x,MA_air_yards_x,MA_turnovers_x,MA_rush_attempts_x,MA_pass_attempts_x,home_team_y,away_team_y,posteam_y,Total_EPA_y,Total_Yards_Gained_y,Air_Yards_y,Turnovers_y,Total_Rush_Attempts_y,Total_Pass_Attempts_y,total_away_score_y,total_home_score_y,Winner_y,MA_EPA_y,MA_yards_gained_y,MA_air_yards_y,MA_turnovers_y,MA_rush_attempts_y,MA_pass_attempts_y
0,2019091500,BAL,ARI,ARI,1.885632648,351,312,0,11,44,17,23,Home,5.727791661,389,567,2.0,23.0,60.0,BAL,ARI,BAL,12.4231978,440,396,0,33,39,17,23,Home,51.70629528,643,262,1.0,46.0,27.0
1,2019100601,CIN,ARI,ARI,15.48737094,514,247,0,38,33,26,23,Away,0.762450982,327,322,1.25,19.75,47.75,CIN,ARI,CIN,10.86789021,370,174,0,23,39,26,23,Away,-10.77778976,306,296,2.25,17.75,46.25
2,2019102006,NYG,ARI,ARI,2.310008904,245,112,0,38,23,27,21,Away,8.684261859,381,225,0.75,28.0,39.25,NYG,ARI,NYG,-12.40347219,263,265,3,22,43,27,21,Away,-7.564422075,299,298,2.75,23.0,36.75
3,2019102707,NO,ARI,ARI,-10.89914507,237,289,0,11,38,9,31,Home,9.515686414,380,193,0.25,32.0,32.25,NO,ARI,NO,15.94814789,510,228,1,29,43,9,31,Home,7.330500967000001,368,237,0.5,29.75,37.25
4,2019111006,TB,ARI,ARI,8.570837422,417,560,2,18,47,27,30,Home,7.602613457,320,187,0.0,25.25,31.5,TB,ARI,TB,11.08530345,457,440,3,26,52,27,30,Home,1.113415306,368,433,3.0,23.25,47.25
5,2019111708,SF,ARI,ARI,-3.233067518,266,124,2,25,37,26,36,Home,3.791998593,314,266,0.5,22.5,34.0,SF,ARI,SF,6.01404468,442,222,2,19,48,26,36,Home,-1.388110033,346,234,1.25,33.75,34.75
6,2019122213,SEA,ARI,ARI,3.338880461,412,212,0,40,29,27,13,Away,-3.636303253,286,168,1.75,25.75,34.25,SEA,ARI,SEA,-11.70946332,224,317,1,20,36,27,13,Away,4.904447643999999,382,335,1.5,31.0,33.5
7,2019122914,LA,ARI,ARI,2.8333303,393,393,5,17,44,24,31,Home,-1.9933162580000001,322,190,1.25,29.5,32.25,LA,ARI,LA,9.793369,424,352,0,33,46,24,31,Home,7.76555308,422,282,1.0,26.0,44.75
8,2019092203,IND,ATL,ATL,26.816473,397,292,1,20,34,24,27,Home,-6.008992147000001,356,379,3.0,17.0,48.0,IND,ATL,IND,23.34197918,379,206,0,24,38,24,27,Home,5.922155516,333,149,1.5,34.0,30.0
9,2019100602,HOU,ATL,ATL,13.19638335,375,366,2,20,49,32,53,Home,1.9589589180000002,382,379,2.0,17.75,47.0,HOU,ATL,HOU,38.12080902,592,286,0,34,33,32,53,Home,5.038742108,329,318,1.0,23.5,36.25
10,2019101307,ARI,ATL,ATL,23.33372028,444,319,0,25,38,33,34,Home,8.658439213,390,381,1.75,18.5,46.25,ARI,ATL,ARI,23.81329688,442,246,0,29,37,33,34,Home,3.202345802,358,242,0.75,23.5,41.0
11,2019111004,NO,ATL,ATL,4.436654900000001,317,260,1,34,36,26,9,Away,7.261976878,388,327,1.75,19.25,45.25,NO,ATL,NO,-6.920171782000001,310,277,0,11,52,26,9,Away,11.74539747,429,245,0.5,30.25,39.25
12,2019111701,CAR,ATL,ATL,4.670129042,349,290,0,26,36,29,3,Away,5.072044765,374,300,1.5,22.75,42.0,CAR,ATL,CAR,-23.699159299999998,347,324,4,15,55,29,3,Away,-2.39611668,317,346,1.75,26.25,40.0
13,2019121512,SF,ATL,ATL,8.742517469,290,213,0,21,41,29,22,Away,0.49467765399999997,373,372,1.25,25.75,48.25,SF,ATL,SF,0.669144929,313,135,3,27,35,29,22,Away,10.99893617,407,185,1.0,23.5,33.25
14,2019122912,TB,ATL,ATL,-12.28516887,373,311,1,30,57,28,21,Away,5.114599662,404,317,1.25,26.5,45.5,TB,ATL,TB,-16.11707769,331,258,3,22,25,28,21,Away,-0.026429143999999998,446,459,2.75,27.25,45.5
15,2019092204,KC,BAL,BAL,16.57826484,452,483,0,34,47,28,33,Home,32.06474654,541,329,0.5,39.5,33.0,KC,BAL,KC,20.16658865,503,326,0,25,38,28,33,Home,20.6869135,479,368,0.5,24.0,40.0
16,2019100607,PIT,BAL,BAL,-3.33066348,277,216,3,40,33,26,23,Away,20.92022686,483,352,1.0,35.75,37.75,PIT,BAL,PIT,-3.1351101339999996,269,268,2,19,32,26,23,Away,-4.200439685,283,240,1.25,19.0,36.0
17,2019102010,SEA,BAL,BAL,5.85541779,340,201,0,35,21,30,16,Away,8.979891056,405,305,1.75,36.75,38.0,SEA,BAL,SEA,-14.22735626,347,459,2,26,42,30,16,Away,9.389524862,434,326,1.0,33.75,35.75
18,2019111001,CIN,BAL,BAL,21.75047597,370,231,1,23,23,49,13,Away,8.716355499,371,196,1.25,39.75,28.0,CIN,BAL,CIN,-20.00877715,307,225,3,40,32,49,13,Away,3.24341736,328,300,1.25,19.75,45.5
19,2019112500,LA,BAL,BAL,35.23124084,480,191,0,48,26,45,6,Away,16.00947851,393,189,0.5,34.0,23.75,LA,BAL,LA,-9.167202822,221,312,2,9,39,45,6,Away,2.288897093,360,288,1.75,29.75,33.25
20,2019120801,BUF,BAL,BAL,-1.818415324,257,148,1,33,26,24,17,Away,21.46417559,406,207,0.5,36.5,25.0,BUF,BAL,BUF,-13.26945031,211,400,1,23,46,24,17,Away,9.338096853,387,275,0.25,33.75,32.5
21,2019122206,CLE,BAL,BAL,18.61035226,481,247,1,40,31,31,15,Away,14.28530054,363,200,0.5,38.5,25.25,CLE,BAL,CLE,-3.4439733169999998,241,293,1,19,35,31,15,Away,5.042423467,368,291,1.75,26.5,35.75
22,2019091506,NYG,BUF,BUF,9.259887069,388,269,0,34,33,28,14,Away,-4.840785608,370,324,4.0,25.0,38.0,NYG,BUF,NYG,-0.588809021,370,359,2,20,46,28,14,Away,10.19973223,470,314,2.0,17.0,49.0
23,2019100608,TEN,BUF,BUF,-1.4313344369999998,313,139,1,27,36,14,7,Away,-5.185946761,387,352,2.5,29.25,39.5,TEN,BUF,TEN,-13.17387248,252,96,0,27,27,14,7,Away,1.550841097,321,214,0.0,28.0,34.0
24,2019111002,CLE,BUF,BUF,-0.504219616,344,403,0,20,42,16,19,Home,5.944885365,285,232,0.75,27.5,31.0,CLE,BUF,CLE,4.510478148,368,261,0,26,40,16,19,Home,-8.082581172000001,312,258,2.5,23.25,36.5
25,2019111704,MIA,BUF,BUF,17.96741378,424,283,0,34,33,37,20,Away,6.17666407,293,298,0.5,25.75,32.5,MIA,BUF,MIA,-6.090630375,303,300,1,13,53,37,20,Away,-3.562783272,289,287,2.0,24.75,37.5
26,2019112801,DAL,BUF,BUF,12.54557875,356,227,0,34,29,26,15,Away,8.693043917,365,268,0.25,35.0,30.75,DAL,BUF,DAL,-1.958230378,428,331,2,19,54,26,15,Away,4.595433436,426,391,1.25,25.75,40.75
27,2019121506,PIT,BUF,BUF,-11.49275299,261,235,2,38,26,17,10,Away,6.146789179,353,274,0.5,34.5,33.5,PIT,BUF,PIT,-18.729802300000003,229,338,5,14,42,17,10,Away,-11.31920862,293,248,2.0,30.25,30.5
28,2019122101,NE,BUF,BUF,0.827613816,268,317,0,23,30,17,24,Home,-1.218252513,313,262,1.0,35.5,31.75,NE,BUF,NE,9.637248111,416,167,1,35,34,17,24,Home,-3.362003459,324,323,0.75,27.75,40.25
29,2019092208,ARI,CAR,CAR,18.46763422,413,215,1,31,28,38,20,Away,-8.903589259,347,396,2.0,21.0,47.5,ARI,CAR,ARI,-1.015689318,248,242,2,22,51,38,20,Away,3.806712155,370,439,1.0,17.0,52.0
30,2019092904,HOU,CAR,CAR,-9.601264603999999,297,278,3,28,37,16,10,Away,0.22015189999999998,369,336,1.6666666669999999,24.33333333,41.0,HOU,CAR,HOU,-13.59669554,264,314,2,22,40,16,10,Away,11.25055466,351,320,0.666666667,24.0,35.0
31,2019101300,TB,CAR,CAR,7.824353956,268,303,1,29,34,37,26,Away,1.427969866,376,306,1.25,26.25,38.25,TB,CAR,TB,-6.115786043,411,596,7,15,62,37,26,Away,10.30944968,376,353,0.5,28.75,36.25
32,2019102709,SF,CAR,CAR,-29.3904595,232,326,3,20,44,13,51,Home,6.419340582999999,355,243,1.25,28.75,33.25,SF,CAR,SF,13.71270675,388,117,1,38,26,13,51,Home,-2.914295951,374,194,2.25,40.0,30.5
33,2019111003,GB,CAR,CAR,3.690347335,401,358,2,23,47,16,24,Home,-1.072043823,328,301,1.25,27.25,36.75,GB,CAR,GB,11.48186964,388,338,0,27,31,16,24,Home,11.76941356,372,294,0.5,22.5,37.0
34,2019112405,NO,CAR,CAR,9.812291376000001,351,244,0,29,41,31,34,Home,-10.27699499,337,351,2.5,22.75,45.25,NO,CAR,NO,18.39904529,418,374,2,18,41,31,34,Home,7.893626867,393,240,0.25,25.75,42.5
35,2019120800,ATL,CAR,CAR,-3.746020759,345,384,4,22,46,20,40,Home,-4.248900254,344,336,2.0,21.75,49.0,ATL,CAR,ATL,19.61801683,461,322,0,32,35,20,40,Home,-3.3006628289999997,337,356,1.5,26.25,48.5
36,2019122207,IND,CAR,CAR,-21.56930321,286,412,3,21,50,6,38,Home,1.512329443,347,322,2.25,25.0,45.75,IND,CAR,IND,9.904287525,324,289,0,32,30,6,38,Home,-6.609632411000001,300,292,1.0,25.5,35.5
37,2019091511,DEN,CHI,CHI,7.025140392999999,273,212,0,29,27,16,14,Away,-15.39337466,254,378,1.0,15.0,50.0,DEN,CHI,DEN,5.558106842000001,374,251,1,24,53,16,14,Away,9.68249724,344,243,0.0,23.0,34.0
38,2019092300,WAS,CHI,CHI,2.4348919330000003,298,162,1,24,34,31,15,Away,-4.184117133,263,295,0.5,22.0,38.5,WAS,CHI,WAS,-13.446691199999998,356,251,5,21,49,31,15,Away,12.27018072,326,274,0.0,15.0,41.5
39,2019100605,OAK,CHI,CHI,1.6022331490000001,236,210,2,17,34,21,24,Home,-0.833700894,273,239,0.5,25.25,36.25,OAK,CHI,OAK,3.3613285680000002,398,99,2,39,32,21,24,Home,5.703385217,335,213,1.0,24.75,34.25
40,2019110305,PHI,CHI,CHI,-4.317733437,164,225,1,18,24,14,22,Home,-3.538828577,286,265,1.5,23.75,41.0,PHI,CHI,PHI,1.4134102,373,303,0,35,43,14,22,Home,-3.246589614,330,255,1.75,30.25,32.25
41,2019111711,LA,CHI,CHI,-26.17635907,267,350,1,24,50,7,17,Home,-7.230317238,258,273,1.25,21.75,37.0,LA,CHI,LA,-3.424796047,283,158,2,34,18,7,17,Home,-3.459368183,328,287,1.5,26.75,35.75
42,2019112800,DET,CHI,CHI,12.59287682,419,335,1,23,39,24,20,Away,-11.33663871,248,287,1.0,23.0,36.25,DET,CHI,DET,3.723594362,364,349,1,27,40,24,20,Away,-0.68471358,376,331,1.75,26.5,40.0
43,2019121503,GB,CHI,CHI,-11.92768534,415,536,3,27,56,13,21,Home,-3.7177453639999998,350,309,1.5,26.75,41.25,GB,CHI,GB,-5.90997394,292,293,0,24,34,13,21,Home,2.583074827,312,267,0.5,27.25,34.75
44,2019122909,MIN,CHI,CHI,1.532822977,337,214,1,34,41,21,19,Away,-0.435829961,362,336,1.5,26.5,41.25,MIN,CHI,MIN,0.9513715859999999,300,132,3,26,21,21,19,Away,-3.253598875,297,231,1.25,26.5,32.75
45,2019092200,BUF,CIN,CIN,-9.432133272,306,285,4,19,38,17,21,Home,-4.509330576,372,348,1.5,16.5,51.0,BUF,CIN,BUF,-3.178138195,418,302,2,36,38,17,21,Home,2.2095507309999998,379,296,2.0,29.5,35.5
46,2019093000,PIT,CIN,CIN,-24.6603646,175,205,2,19,45,3,27,Home,-6.150264807999999,350,327,2.333333333,17.33333333,46.66666667,PIT,CIN,PIT,8.436535067000001,326,80,1,25,31,3,27,Home,-8.412764602000001,269,294,1.333333333,17.0,37.66666667
47,2019101301,BAL,CIN,CIN,5.321867435,250,298,1,14,41,17,23,Home,-7.197298282,291,244,1.75,20.0,42.0,BAL,CIN,BAL,19.69881334,497,253,1,43,34,17,23,Home,7.16098717,391,340,1.5,34.25,39.25
48,2019102706,LA,CIN,CIN,7.847208424,401,429,0,22,57,10,24,Home,-4.883475896,271,244,1.75,19.0,42.5,LA,CIN,LA,21.72577255,470,321,0,26,31,10,24,Home,1.0700803890000001,383,353,2.0,22.0,46.5
49,2019111709,OAK,CIN,CIN,-12.17745847,246,201,2,22,36,10,17,Home,-4.47574948,312,313,2.0,24.0,43.75,OAK,CIN,OAK,1.8702515259999999,386,186,2,34,32,10,17,Home,11.40988621,397,260,0.5,27.75,31.75
50,2019120802,CLE,CIN,CIN,-3.405529075,451,290,1,31,41,19,27,Home,-11.92891009,268,206,1.75,27.0,34.0,CLE,CIN,CLE,9.112987356,333,230,2,27,25,19,27,Home,-0.26377898899999996,351,302,0.75,29.25,36.75
51,2019122208,MIA,CIN,CIN,10.48338047,434,586,1,26,62,35,38,Home,-8.357830367,321,229,1.75,27.25,35.0,MIA,CIN,MIA,11.14933751,502,507,1,34,54,35,38,Home,1.812118474,359,331,1.25,22.75,42.75
52,2019091600,NYJ,CLE,CLE,-1.994501259,375,344,1,21,38,23,3,Away,-19.00658678,346,337,3.0,20.0,43.0,NYJ,CLE,NYJ,-20.04582827,262,165,1,24,35,23,3,Away,-4.21793161,225,223,1.0,21.0,46.0
53,2019092901,BAL,CLE,CLE,21.79444706,530,225,1,29,33,40,25,Away,-9.724062794,330,311,1.6666666669999999,21.66666667,40.0,BAL,CLE,BAL,2.973149528,397,268,3,30,38,40,25,Away,26.90258597,511,380,0.333333333,37.66666667,37.66666667
54,2019100700,SF,CLE,CLE,-19.91290003,180,247,3,18,28,3,31,Home,-1.84443533,380,289,1.5,23.5,38.25,SF,CLE,SF,12.27472583,446,181,1,40,31,3,31,Home,2.779538062,421,203,2.666666667,38.0,29.33333333
55,2019102711,NE,CLE,CLE,-11.9020736,310,252,3,22,36,13,27,Home,-1.38128131,347,269,2.25,23.75,34.5,NE,CLE,NE,-0.65515036,318,253,0,27,39,13,27,Home,-3.212600663,354,282,1.5,29.5,43.75
56,2019110309,DEN,CLE,CLE,-1.279779127,351,182,0,29,44,19,24,Home,-2.314024624,357,269,2.75,23.25,33.75,DEN,CLE,DEN,4.815630241,302,181,1,20,23,19,24,Home,-11.19224412,276,206,1.0,28.0,32.5
57,2019120110,PIT,CLE,CLE,-6.227549702,279,399,2,24,39,13,20,Home,0.973163655,369,247,0.25,30.5,38.0,PIT,CLE,PIT,1.711761004,323,253,1,32,22,13,20,Home,-16.64221826,280,272,2.25,26.5,38.75
58,2019121509,ARI,CLE,CLE,2.6260079380000003,393,254,2,23,44,24,38,Home,0.8868483140000001,343,294,1.25,29.5,33.0,ARI,CLE,ARI,21.37523869,445,167,1,35,25,24,38,Home,-6.837403571,279,267,2.0,21.5,39.75
59,2019122903,CIN,CLE,CLE,4.278588692,313,405,3,20,33,23,33,Home,0.5168680689999999,311,294,1.75,23.25,35.75,CIN,CLE,CIN,13.28242783,361,242,1,39,29,23,33,Home,-1.657005244,369,340,1.5,28.5,43.0
60,2019091509,WAS,DAL,DAL,20.92560644,474,257,1,34,31,31,21,Away,29.24474764,494,301,0.0,30.0,32.0,WAS,DAL,WAS,8.239253497,255,224,0,17,38,31,21,Away,16.30110795,398,324,0.0,13.0,45.0
61,2019092912,NO,DAL,DAL,-7.598379261,257,316,3,20,34,10,12,Home,21.84224103,481,323,0.666666667,32.66666667,32.0,NO,DAL,NO,-1.711438126,266,195,1,27,35,10,12,Home,7.635256308,339,213,0.666666667,21.66666667,36.0
62,2019101310,NYJ,DAL,DAL,8.071341224,399,341,0,34,42,22,24,Home,7.320229734,442,364,2.0,27.25,36.25,NYJ,DAL,NYJ,10.46797369,382,265,1,20,34,22,24,Home,-19.18379361,180,165,2.0,21.0,36.25
63,2019110400,NYG,DAL,DAL,0.9374650609999999,429,360,2,30,35,37,18,Away,4.473952639,405,338,1.75,27.75,38.25,NYG,DAL,NYG,-14.73739922,271,240,3,22,46,37,18,Away,-14.37858912,264,311,2.25,20.5,40.5
64,2019111702,DET,DAL,DAL,19.49792592,511,454,1,25,47,35,27,Away,9.616158897,418,373,1.0,30.5,38.75,DET,DAL,DET,8.293870052,312,257,0,28,30,35,27,Away,6.543921264,409,386,1.5,22.75,43.75
65,2019112409,NE,DAL,DAL,-14.68396068,321,185,1,26,33,9,13,Home,12.47280507,446,401,1.25,28.25,40.0,NE,DAL,NE,-11.88291282,282,385,0,27,39,9,13,Home,0.237819518,320,287,1.25,25.25,45.25
66,2019120500,CHI,DAL,DAL,0.167792213,408,513,0,22,51,24,31,Home,3.871509577,425,384,1.25,23.0,45.5,CHI,DAL,CHI,7.317513808999999,382,199,2,34,33,24,31,Home,-7.108986141,311,315,1.0,24.25,40.0
67,2019122212,PHI,DAL,DAL,-9.713469300000002,311,434,1,16,46,9,17,Home,4.005319442,408,291,0.75,28.0,40.25,PHI,DAL,PHI,1.889805442,431,203,0,30,41,9,17,Home,3.075629174,391,327,2.0,25.75,48.75
68,2019092202,GB,DEN,DEN,0.050067827999999995,310,122,2,38,34,16,27,Home,7.620302041,359,247,0.5,23.5,43.5,GB,DEN,GB,9.810616827,312,258,0,23,29,16,27,Home,-7.472723292,274,279,1.0,27.5,35.5
69,2019100610,LAC,DEN,DEN,-6.139453994,350,128,2,32,23,20,13,Away,5.408858127999999,349,228,1.0,25.25,39.75,LAC,DEN,LAC,-24.904621600000002,246,212,3,16,48,20,13,Away,10.54094411,403,328,1.0,24.25,39.5
70,2019102710,IND,DEN,DEN,-8.223127558,279,167,0,28,35,13,15,Home,-7.550272082,299,239,1.25,25.0,33.25,IND,DEN,IND,1.606492298,318,205,1,31,29,13,15,Home,8.567744756,359,285,1.0,29.5,38.5
71,2019111705,MIN,DEN,DEN,1.1095112109999998,394,355,1,33,42,23,27,Home,-8.453473062999999,264,219,0.75,25.0,32.5,MIN,DEN,MIN,5.120757862,321,281,2,18,41,23,27,Home,15.14627991,398,225,0.25,34.5,33.75
72,2019112401,BUF,DEN,DEN,-15.05626851,134,147,1,17,29,3,20,Home,-7.455590397000001,295,254,0.75,25.75,35.75,BUF,DEN,BUF,7.343614497999999,424,187,1,47,26,3,20,Home,5.361069639,322,301,0.5,28.25,33.75
73,2019120804,HOU,DEN,DEN,18.12659038,391,187,1,27,28,38,24,Away,-2.677407567,262,216,1.25,23.75,30.5,HOU,DEN,HOU,1.1288503090000002,414,434,3,22,53,38,24,Away,2.689103249,328,256,1.0,25.25,31.5
74,2019121504,KC,DEN,DEN,-11.98730756,251,234,1,15,42,3,23,Home,0.650332468,284,218,1.25,25.5,31.75,KC,DEN,KC,10.52827909,421,329,1,25,39,3,23,Home,5.709779988999999,361,288,1.0,27.5,39.25
75,2019092207,PHI,DET,DET,6.377940327,287,294,0,28,32,27,24,Away,4.685446289,408,414,1.5,30.0,39.0,PHI,DET,PHI,-5.878043868,373,405,2,30,39,27,24,Away,7.380581775,363,387,1.5,27.0,46.0
76,2019101400,GB,DET,DET,9.922570658,299,328,1,20,35,22,23,Home,4.656186614,387,382,1.25,30.75,37.0,GB,DET,GB,0.528805248,447,376,2,29,40,22,23,Home,8.277357443,368,284,1.0,26.25,38.75
77,2019110307,OAK,DET,DET,6.800861835,473,464,2,19,43,24,31,Home,10.02521441,388,377,1.5,25.0,39.25,OAK,DET,OAK,14.61200338,450,263,0,36,32,24,31,Home,11.0984377,409,217,1.25,31.25,31.25
78,2019111000,CHI,DET,DET,-7.92755023,357,307,1,27,48,13,20,Home,11.00645149,395,392,1.5,21.0,40.5,CHI,DET,CHI,-6.2474492989999995,226,221,0,24,28,13,20,Home,-5.267896626000001,260,270,1.75,20.0,38.5
79,2019112407,WAS,DET,DET,-9.906035976,364,297,4,32,39,16,19,Home,3.7866119210000004,379,354,1.25,24.75,39.25,WAS,DET,WAS,-3.1295964730000003,230,391,2,24,33,16,19,Home,-12.56941019,210,147,1.0,21.25,27.25
80,2019120805,MIN,DET,DET,-12.79496021,231,267,2,22,45,7,20,Home,-1.4540304480000001,349,302,1.5,28.5,39.25,MIN,DET,MIN,3.60798418,354,214,0,39,31,7,20,Home,5.202745739,332,243,1.25,23.75,37.75
81,2019122200,DEN,DET,DET,-4.125553138,191,250,0,21,28,17,27,Home,-7.870307518,313,316,2.5,24.75,42.25,DEN,DET,DEN,9.543361482,348,216,0,33,34,17,27,Home,-2.623872225,248,188,1.25,21.0,31.75
82,2019100611,DAL,GB,GB,13.07141479,335,247,0,29,36,34,24,Away,2.902826917,337,297,1.0,24.5,38.5,DAL,GB,DAL,0.59732274,563,470,3,21,47,34,24,Away,14.48208596,425,321,1.25,29.5,32.5
83,2019102712,KC,GB,GB,14.78877343,374,236,0,26,38,31,24,Away,15.51739892,438,316,1.0,25.25,40.5,KC,GB,KC,4.55680388,337,200,1,20,38,31,24,Away,0.137765842,335,371,1.5,19.25,38.0
84,2019110310,LAC,GB,GB,0.036837347,186,299,0,12,38,11,26,Home,15.02805792,409,281,0.5,26.75,36.5,LAC,GB,LAC,16.74208626,442,238,0,38,30,11,26,Home,-7.575963482000001,297,344,2.0,15.75,40.5
85,2019112410,SF,GB,GB,-22.14432021,200,240,1,28,43,8,37,Home,14.50767966,357,285,0.0,22.0,34.75,SF,GB,SF,12.53284975,339,121,0,22,23,8,37,Home,1.9032595019999998,386,243,1.5,28.75,41.0
86,2019120107,NYG,GB,GB,15.25060485,322,272,0,26,33,31,13,Away,1.040790053,287,278,0.25,23.25,37.5,NYG,GB,NYG,-5.3853487929999995,335,273,3,27,37,31,13,Away,-9.523778453,291,254,1.75,21.0,44.0
87,2019122300,MIN,GB,GB,-6.207115314,385,266,3,32,44,23,10,Away,-1.7648860690000001,288,256,0.5,26.5,35.5,MIN,GB,MIN,-21.55320236,139,251,1,16,37,23,10,Away,3.4148911789999996,343,239,1.5,27.0,33.75
88,2019122905,DET,GB,GB,6.291281628999999,432,770,1,30,56,23,20,Away,2.219415155,335,262,1.0,27.5,35.75,DET,GB,DET,-2.199229676,305,278,1,25,31,23,20,Away,-6.425186807999999,270,305,1.5,22.0,39.5
89,2019092210,LAC,HOU,HOU,11.78402127,376,265,1,19,36,27,20,Away,10.98382135,338,348,0.5,26.5,34.5,LAC,HOU,LAC,6.0797156029999995,366,471,1,18,51,27,20,Away,7.901617212000001,429,306,1.5,23.0,37.5
90,2019101304,KC,HOU,HOU,14.18386193,474,369,3,41,43,31,24,Away,9.62157774,373,309,0.75,26.25,35.5,KC,HOU,KC,0.993111512,309,350,2,11,36,31,24,Away,8.163034035,433,462,1.25,21.5,42.25
91,2019102005,IND,HOU,HOU,4.792453217,391,268,2,24,37,23,30,Home,12.62299917,426,308,1.5,29.0,38.0,IND,HOU,IND,8.885654769,383,302,1,26,41,23,30,Home,5.525129941,336,244,1.25,31.5,36.0
92,2019110300,JAX,HOU,HOU,9.664581983,410,181,1,34,29,26,3,Away,19.50898225,461,297,1.25,32.75,38.75,JAX,HOU,JAX,-16.58640434,356,381,4,15,51,26,3,Away,0.6739909270000001,396,258,1.25,33.25,37.0
93,2019111700,BAL,HOU,HOU,-24.95481713,232,227,2,20,37,7,41,Home,12.39492549,415,271,1.5,32.75,37.75,BAL,HOU,BAL,23.79016594,491,210,0,37,27,7,41,Home,14.98664036,394,200,0.75,35.5,25.5
94,2019121507,TEN,HOU,HOU,12.35287333,374,271,2,35,28,24,21,Away,0.55517033,329,319,1.5,22.25,37.5,TEN,HOU,TEN,8.425716377999999,432,383,1,28,39,24,21,Away,14.48997189,422,212,1.5,30.5,24.25
95,2019122100,TB,HOU,HOU,-13.89458423,229,219,2,26,37,23,20,Away,9.882092944,365,330,1.5,26.0,35.25,TB,HOU,TB,-15.36394835,435,623,5,21,51,23,20,Away,6.630817277999999,449,374,2.0,30.5,39.75
96,2019091508,TEN,IND,IND,-3.28480449,288,140,2,34,31,19,17,Away,15.12911552,378,158,1.0,34.0,29.0,TEN,IND,TEN,-5.130819904,243,149,0,24,32,19,17,Away,8.225943901,339,145,0.0,28.0,28.0
97,2019100612,KC,IND,IND,0.292469211,331,148,1,45,29,19,13,Away,9.234291518,347,247,1.25,28.75,36.0,KC,IND,KC,-3.051329702,324,463,1,14,43,19,13,Away,16.03078272,474,391,1.0,24.5,40.0
98,2019110306,PIT,IND,IND,-7.723400509,328,182,3,29,37,24,26,Home,3.1338730360000002,344,284,1.25,31.25,36.25,PIT,IND,PIT,-4.828416648999999,273,192,2,25,36,24,26,Home,3.457922511,311,229,1.25,27.25,30.25
99,2019112100,HOU,IND,IND,4.074047516,296,178,0,39,26,17,20,Home,-2.565956527,333,251,2.0,31.25,33.25,HOU,IND,HOU,11.24875959,396,423,1,24,31,17,20,Home,2.610255724,355,235,1.25,27.5,36.25
100,2019120808,TB,IND,IND,-3.458642116,311,359,1,22,38,35,38,Home,-3.8034112230000003,344,280,1.75,32.0,34.0,TB,IND,TB,5.488840562,542,409,4,28,50,35,38,Home,1.540766527,388,381,2.5,24.75,42.5
101,2019121600,NO,IND,IND,-11.91316053,205,311,0,17,35,7,34,Home,0.38670785799999996,346,269,1.25,30.25,33.5,NO,IND,NO,20.82112588,424,202,0,33,30,7,34,Home,13.64752439,372,243,0.75,23.0,37.5
102,2019122907,JAX,IND,IND,-3.314684648,275,197,2,27,28,20,38,Home,-5.152072409,307,320,1.0,23.75,36.5,JAX,IND,JAX,18.95248195,355,216,1,24,43,20,38,Home,-8.045804889,261,225,1.25,21.5,38.5
103,2019091504,HOU,JAX,JAX,2.970020448,281,212,1,22,37,12,13,Home,12.74931272,428,219,2.0,16.0,35.0,HOU,JAX,HOU,2.178176213,263,371,0,30,33,12,13,Home,19.78946649,414,325,1.0,23.0,36.0
104,2019092911,DEN,JAX,JAX,14.72929775,455,346,0,38,38,26,24,Away,6.187866822,333,214,1.333333333,19.33333333,34.0,DEN,JAX,DEN,6.344760602999999,371,299,1,16,38,26,24,Away,5.096890637,342,205,1.0,28.33333333,40.33333333
105,2019100600,CAR,JAX,JAX,3.5526517089999996,507,404,3,31,46,27,34,Home,8.323224553,364,247,1.0,24.0,35.0,CAR,JAX,CAR,8.986638761,445,176,0,27,34,27,34,Home,-2.2352022259999997,351,321,2.0,25.25,40.0
106,2019102002,CIN,JAX,JAX,5.56620025,462,186,0,44,35,27,17,Away,2.557912485,370,295,1.25,28.25,36.25,CIN,JAX,CIN,-11.06329662,291,301,4,20,45,27,17,Away,-4.475685059,275,240,1.75,18.75,40.75
107,2019111703,IND,JAX,JAX,-0.44844288299999996,308,423,2,9,50,13,31,Home,-4.360773085,358,252,1.5,29.25,38.25,IND,JAX,IND,16.07220054,389,219,1,36,27,13,31,Home,-4.362592971000001,332,272,2.0,28.75,36.75
108,2019112408,TEN,JAX,JAX,-0.558564563,371,380,1,27,53,20,42,Home,-1.749242103,378,303,1.75,25.5,43.0,TEN,JAX,TEN,22.69853789,471,137,2,33,19,20,42,Home,4.394172078,363,276,1.5,24.5,33.75
109,2019121510,OAK,JAX,JAX,5.765920127,262,241,0,22,31,20,16,Away,-8.964924722000001,293,306,1.75,19.0,47.5,OAK,JAX,OAK,4.68988561,364,237,0,32,40,20,16,Away,-8.294524077,320,200,2.0,26.25,33.75
110,2019122205,ATL,JAX,JAX,-3.096448243,288,241,1,24,36,12,24,Home,-7.411333969,282,260,1.25,22.25,42.75,ATL,JAX,ATL,10.4930901,518,391,2,27,46,12,24,Home,1.512774761,359,352,1.25,24.5,49.5
111,2019091510,OAK,KC,KC,12.95416196,467,557,1,22,46,28,10,Away,28.41966504,491,180,0.0,26.0,34.0,OAK,KC,OAK,-8.554246517000001,307,252,2,19,41,28,10,Away,21.65667664,357,214,0.0,28.0,26.0
112,2019092903,DET,KC,KC,2.582715233,438,502,3,25,42,34,30,Away,20.51347188,487,354,0.333333333,24.33333333,39.33333333,DET,KC,DET,2.875913552,447,407,2,35,38,34,30,Away,5.249610968,367,374,1.0,29.33333333,36.66666667
113,2019101700,DEN,KC,KC,0.026566326,271,172,0,27,31,30,6,Away,5.172771424,393,410,1.5,18.75,39.75,DEN,KC,DEN,-27.52437548,205,314,1,22,43,30,6,Away,-0.656661255,325,191,1.5,29.0,31.0
114,2019111007,TEN,KC,KC,10.67399259,530,422,1,25,53,32,35,Home,3.621541148,323,253,1.0,19.0,36.25,TEN,KC,TEN,11.60130782,373,251,1,27,23,32,35,Home,-4.267881436000001,321,293,2.0,23.0,38.25
115,2019111800,LAC,KC,KC,5.204365809,310,255,1,27,33,24,17,Away,6.041761417999999,378,271,0.75,22.5,40.5,LAC,KC,LAC,-7.528058915,440,412,4,19,55,24,17,Away,1.320256532,338,330,1.25,25.25,33.75
116,2019120811,NE,KC,KC,-1.392559145,346,219,2,29,41,23,16,Away,8.285340494,369,307,0.75,24.75,39.0,NE,KC,NE,-20.129310600000004,278,257,1,23,40,23,16,Away,-0.8740844409999999,343,388,1.0,24.0,46.75
117,2019122214,CHI,KC,KC,15.80239318,350,244,0,29,34,26,3,Away,5.6733516139999995,334,265,1.0,27.5,35.75,CHI,KC,CHI,-9.726025137,234,275,0,22,37,26,3,Away,-0.155576931,387,356,2.0,27.5,42.75
118,2019092213,CLE,LA,LA,0.598649581,344,390,3,24,40,20,13,Away,4.37121523,364,236,1.0,31.0,35.5,CLE,LA,CLE,-8.17110034,270,253,1,24,39,20,13,Away,-10.50054402,360,340,2.0,20.5,40.5
119,2019100300,SEA,LA,LA,12.32700596,477,411,2,19,49,29,30,Home,2.8727865439999998,397,333,2.25,24.25,45.5,SEA,LA,SEA,14.39341718,429,259,1,43,25,29,30,Home,4.877029299999999,377,304,1.5,27.75,36.25
120,2019102000,ATL,LA,LA,16.22110661,381,376,1,36,38,37,10,Away,-2.835533868,374,357,2.5,19.0,47.0,ATL,LA,ATL,-12.6178992,224,272,2,15,38,37,10,Away,14.0959809,409,361,1.0,20.5,44.75
121,2019111009,PIT,LA,LA,-25.36649474,306,298,4,23,46,12,17,Home,5.964006994,371,315,1.0,25.75,36.5,PIT,LA,PIT,-19.03644751,273,250,2,27,41,12,17,Home,0.141684582,298,257,1.5,27.25,31.5
122,2019120108,ARI,LA,LA,12.93202089,549,226,0,30,46,34,7,Away,-4.058180265,320,272,2.0,23.0,33.5,ARI,LA,ARI,-19.75768888,198,175,1,21,40,34,7,Away,2.406229488,319,269,1.0,19.25,37.5
123,2019121511,DAL,LA,LA,5.374524264,291,309,1,15,55,21,44,Home,2.448409942,377,250,1.5,27.0,33.75,DAL,LA,DAL,32.49567662,475,137,0,45,23,21,44,Home,0.755881767,417,370,1.0,23.0,46.25
124,2019122102,SF,LA,LA,3.3020494160000005,395,289,1,24,46,31,34,Home,4.64824002,379,288,1.25,22.25,43.0,SF,LA,SF,4.273123548,334,207,2,23,33,31,34,Home,9.662711231,374,164,1.25,25.5,30.0
125,2019091502,DET,LAC,LAC,-2.521188721,424,378,2,25,37,10,13,Home,18.32442315,435,234,1.0,21.0,38.0,DET,LAC,DET,4.129808001000001,339,310,2,28,30,10,13,Home,5.241084576,477,518,1.0,32.0,48.0
126,2019092906,MIA,LAC,LAC,20.2808264,390,232,0,33,32,30,10,Away,7.294316676,408,361,1.333333333,21.33333333,42.0,MIA,LAC,MIA,-9.107599854,233,134,1,18,29,30,10,Away,-21.90506405,222,428,2.333333333,17.0,41.66666667
127,2019102008,TEN,LAC,LAC,6.373708757999999,365,426,1,21,39,20,23,Home,-1.096144334,337,349,1.75,20.25,44.0,TEN,LAC,TEN,12.73367768,403,212,1,29,32,20,23,Home,-8.27813458,290,244,0.75,27.0,36.0
128,2019102702,CHI,LAC,LAC,-5.932443342000001,231,259,1,12,30,17,16,Away,-1.022646046,337,337,1.75,21.0,41.0,CHI,LAC,CHI,-9.467030896,388,308,2,38,39,17,16,Away,-0.56334787,264,228,1.25,20.25,39.75
129,2019110700,OAK,LAC,LAC,-11.90232555,315,397,3,30,36,24,26,Home,2.835713483,346,351,1.25,21.25,36.0,OAK,LAC,OAK,0.295521742,278,183,0,21,34,24,26,Home,12.17633791,427,239,1.0,32.25,31.25
130,2019120109,DEN,LAC,LAC,-1.003608973,359,200,1,29,32,20,23,Home,-2.155185386,357,326,2.0,24.75,37.75,DEN,LAC,DEN,-1.578503206,218,184,2,25,28,20,23,Home,-4.338563655,277,212,0.75,24.5,32.25
131,2019120809,JAX,LAC,LAC,36.43210473,525,262,0,30,28,45,10,Away,-0.9229767940000001,389,311,2.0,29.0,38.25,JAX,LAC,JAX,-7.785148812999999,252,207,0,23,40,45,10,Away,-11.1652386,319,349,2.75,17.0,50.25
132,2019122908,KC,LAC,LAC,8.96670019,366,314,2,25,49,21,31,Home,3.33426067,378,252,2.0,23.5,35.5,KC,LAC,KC,19.68236596,336,142,1,23,25,21,31,Home,8.322858457,344,262,0.75,28.0,36.0
133,2019092201,DAL,MIA,MIA,-21.10232085,283,389,1,24,44,6,31,Home,-22.30643565,192,448,3.0,13.5,40.5,DAL,MIA,DAL,15.35636902,476,413,1,34,33,6,31,Home,25.08517704,484,279,0.5,32.0,31.5
134,2019102001,BUF,MIA,MIA,6.280419021,381,335,2,30,36,21,31,Home,-18.87652024,242,316,2.0,19.5,42.0,BUF,MIA,BUF,21.22979151,307,272,0,24,28,21,31,Home,-4.333583968,373,305,1.75,29.75,39.0
135,2019102800,PIT,MIA,MIA,-11.65454946,230,299,4,19,38,14,27,Home,-7.76789842,292,281,1.5,23.25,39.5,PIT,MIA,PIT,5.155645915,394,479,1,29,38,14,27,Home,-1.368253764,272,148,1.5,25.5,28.0
136,2019111008,IND,MIA,MIA,-13.48297811,229,173,2,26,36,16,12,Away,-1.977561744,299,310,2.0,23.5,40.75,IND,MIA,IND,-20.21911844,300,401,3,29,40,16,12,Away,0.7653039420000001,340,209,1.5,32.75,34.0
137,2019112404,CLE,MIA,MIA,-1.9560801209999998,284,331,2,20,43,24,41,Home,-6.655545621,269,278,1.75,20.5,41.75,CLE,MIA,CLE,14.65824828,467,284,1,32,35,24,41,Home,-5.6669168139999995,330,239,0.75,28.0,38.25
138,2019120807,NYJ,MIA,MIA,-2.131301703,358,318,1,26,39,21,22,Home,-1.254614673,306,289,1.5,19.75,44.25,NYJ,MIA,NYJ,1.162522453,374,391,1,32,37,21,22,Home,-0.044452072,340,284,0.5,27.25,36.5
139,2019121505,NYG,MIA,MIA,-5.175374192,384,324,1,25,44,20,36,Home,1.583304429,339,325,1.25,19.75,45.0,NYG,MIA,NYG,8.157926806,412,292,3,33,30,20,36,Home,-7.788483186000001,279,251,1.5,21.25,38.5
140,2019122910,NE,MIA,MIA,10.72290831,389,426,0,22,46,27,24,Away,5.088472883000001,413,375,1.0,26.25,45.5,NE,MIA,NE,5.319943649,352,308,2,27,30,27,24,Away,2.018036775,358,268,1.0,29.75,39.0
141,2019091503,GB,MIN,MIN,-8.61879849,421,335,4,27,33,16,21,Home,10.41340258,269,51,0.0,38.0,11.0,GB,MIN,GB,-6.518739269,335,259,2,33,36,16,21,Home,-8.426707314,213,300,0.0,22.0,35.0
142,2019092910,CHI,MIN,MIN,-10.50440285,222,203,2,16,43,6,16,Home,6.410543193,358,162,1.333333333,34.33333333,21.66666667,CHI,MIN,CHI,2.598538756,269,205,0,33,34,6,16,Home,-1.977780778,275,250,0.666666667,22.66666667,37.0
143,2019100604,NYG,MIN,MIN,21.45171454,490,217,1,34,30,28,10,Away,2.181806683,324,172,1.5,29.75,27.0,NYG,MIN,NYG,-10.09459626,211,385,1,20,42,28,10,Away,5.8816100979999995,403,298,2.5,23.25,42.0
144,2019102003,DET,MIN,MIN,31.5936701,504,379,0,37,34,42,30,Away,10.26358726,386,223,1.25,30.75,31.0,DET,MIN,DET,19.32310742,433,386,1,20,48,42,30,Away,5.826558135,343,334,1.25,27.75,33.75
145,2019110303,KC,MIN,MIN,2.53716805,289,240,0,27,38,23,26,Home,18.93728051,468,266,1.0,36.0,30.75,KC,MIN,KC,8.909682875,377,292,1,18,40,23,26,Home,0.631288004,310,296,1.0,18.0,37.0
146,2019111010,DAL,MIN,MIN,16.42055594,366,188,0,36,34,28,24,Away,14.20864389,418,272,0.75,34.25,32.75,DAL,MIN,DAL,12.63030345,443,567,1,22,48,28,24,Away,6.607913719,448,349,1.5,30.25,38.5
147,2019120200,SEA,MIN,MIN,-3.2674988989999996,354,266,3,14,38,30,37,Home,8.528051854,352,201,0.75,29.75,35.5,SEA,MIN,SEA,10.2078573,444,247,2,43,33,30,37,Home,2.3620725,375,280,1.75,28.75,34.75
148,2019121513,LAC,MIN,MIN,8.198321573,344,195,1,37,25,39,10,Away,5.470449771,348,237,1.25,26.75,36.0,LAC,MIN,LAC,-24.23307151,345,339,7,19,42,39,10,Away,3.999527824,409,317,2.0,27.0,37.75
149,2019091505,MIA,NE,NE,5.78417198,379,264,1,35,30,43,0,Away,20.5506723,465,280,0.0,29.0,38.0,MIA,NE,MIA,-38.15406825,184,478,4,15,46,43,0,Away,-6.458803045,200,419,2.0,12.0,35.0
150,2019092902,BUF,NE,NE,-18.45559904,224,298,1,23,39,16,10,Away,8.523905998,408,283,0.666666667,30.33333333,38.0,BUF,NE,BUF,-21.98475031,375,513,4,22,49,16,10,Away,0.413654422,392,298,2.0,31.66666667,36.33333333
151,2019100609,WAS,NE,NE,13.13294474,442,329,1,27,47,33,7,Away,1.779029739,362,286,0.75,28.5,38.25,WAS,NE,WAS,-17.04582113,223,177,2,20,33,33,7,Away,-2.4368780180000003,296,263,2.25,17.0,40.75
152,2019102100,NYJ,NE,NE,1.210715377,323,223,2,34,45,33,0,Away,-3.706061079,368,303,1.25,27.75,44.0,NYJ,NE,NYJ,-32.7124447,154,398,5,20,33,33,0,Away,-15.51231728,219,175,2.0,20.75,33.25
153,2019110311,BAL,NE,NE,0.15607233,342,338,3,17,48,20,37,Home,1.2375115079999999,377,271,1.25,30.5,43.75,BAL,NE,BAL,12.64185435,372,117,1,41,24,20,37,Home,6.299179294,377,234,1.75,37.0,31.5
154,2019111710,PHI,NE,NE,0.239640725,300,334,0,23,49,17,10,Away,-2.006706594,352,273,1.75,28.0,44.0,PHI,NE,PHI,-10.06300584,255,405,1,21,45,17,10,Away,-2.316200121,357,280,1.75,31.75,35.5
155,2019120111,HOU,NE,NE,7.990862005,448,498,1,29,51,22,28,Home,-3.035587532,310,327,0.75,23.5,43.75,HOU,NE,HOU,14.79788855,276,195,0,23,29,22,28,Home,4.224332318,356,274,1.0,27.5,34.75
156,2019121501,CIN,NE,NE,10.57334759,291,152,1,32,31,34,13,Away,-5.945430174,327,368,0.5,25.5,44.75,CIN,NE,CIN,-14.49638766,315,228,4,32,31,34,13,Away,-7.7780980689999994,304,222,1.25,24.75,36.25
157,2019091512,LA,NO,NO,-8.265264516,244,251,1,20,37,9,27,Home,21.87557144,510,295,1.0,21.0,44.0,LA,NO,LA,10.01417227,380,200,1,30,31,9,27,Home,-1.2717418090000001,349,273,1.0,32.0,40.0
158,2019092211,SEA,NO,NO,9.295462002,265,95,0,24,27,33,27,Away,6.805153462000001,377,273,1.0,20.5,40.5,SEA,NO,SEA,-0.216409154,514,552,2,26,50,33,27,Away,4.081643334,328,226,2.0,29.0,31.5
159,2019101303,JAX,NO,NO,3.694399355,326,213,0,26,39,13,6,Away,4.094613464,308,200,0.75,25.5,33.75,JAX,NO,JAX,-10.89456681,226,220,1,24,31,13,6,Away,6.024059299,383,293,1.25,27.75,37.75
160,2019102009,CHI,NO,NO,10.27934814,424,282,0,35,39,36,25,Away,7.084529432,328,190,0.5,27.0,34.25,CHI,NO,CHI,-8.889055317999999,254,338,2,7,57,36,25,Away,3.415201058,269,197,0.75,25.75,32.25
161,2019111706,TB,NO,NO,12.26718322,328,175,0,28,36,34,17,Away,5.7504309010000005,392,250,0.25,25.25,43.25,TB,NO,TB,-11.58324733,334,463,4,8,53,34,17,Away,2.336502212,419,485,3.75,24.25,52.0
162,2019112802,ATL,NO,NO,4.3358611069999995,279,173,0,18,31,26,18,Away,9.923551153,391,263,0.75,21.5,43.0,ATL,NO,ATL,-18.39522576,348,345,3,26,60,26,18,Away,2.58206938,378,358,1.5,24.0,47.5
163,2019122210,TEN,NO,NO,16.68260208,377,274,0,23,43,38,28,Away,15.78601005,396,249,0.75,24.25,36.0,TEN,NO,TEN,4.404186728,397,241,1,26,32,38,28,Away,13.69607403,436,245,1.5,30.75,28.25
164,2019122902,CAR,NO,NO,19.95152285,379,207,0,35,32,42,10,Away,15.35689925,386,224,0.25,25.5,36.5,CAR,NO,CAR,-15.90671964,329,373,3,18,51,42,10,Away,-6.333069204,330,364,3.0,23.0,48.0
165,2019092209,TB,NYG,NYG,9.474103931,386,353,2,19,42,32,31,Away,4.805461603,420,336,2.0,18.5,47.5,TB,NYG,TB,12.2055422,499,482,1,32,41,32,31,Away,-10.2763227,292,310,2.0,28.5,33.5
166,2019101000,NE,NYG,NYG,-34.07860923,213,290,4,16,32,14,35,Home,0.808027976,339,316,2.25,24.0,40.25,NE,NYG,NE,-8.738463722,427,280,2,34,44,14,35,Home,-0.075402153,356,299,1.0,28.0,40.5
167,2019102703,DET,NYG,NYG,-0.93767881,370,307,1,24,45,26,31,Home,-13.0338161,269,276,3.0,23.75,37.0,DET,NYG,DET,7.979266027,375,390,2,25,36,26,31,Home,9.62488299,366,353,1.0,25.75,38.25
168,2019111005,NYJ,NYG,NYG,-6.576979026,283,240,2,17,48,27,34,Home,-15.53928986,279,275,2.75,21.0,41.5,NYJ,NYG,NYJ,0.8023747520000001,294,255,0,29,32,27,34,Home,-9.388288557000001,268,291,2.5,18.75,37.0
169,2019112402,CHI,NYG,NYG,-15.84305676,243,230,1,21,37,14,19,Home,-8.66388231,296,263,2.25,21.25,45.5,CHI,NYG,CHI,-8.605013017000001,335,354,2,26,43,14,19,Home,-11.55214318,261,276,1.0,26.0,35.25
170,2019120900,PHI,NYG,NYG,-3.348548164,255,264,0,20,32,17,23,Home,-10.63569595,283,245,2.25,21.75,42.0,PHI,NYG,PHI,0.9385724879999999,418,314,1,32,53,17,23,Home,-3.2861909160000002,340,373,1.75,24.75,46.25
171,2019122211,WAS,NYG,NYG,25.23469265,552,368,0,26,43,41,35,Away,-4.104756728,311,264,1.75,25.25,34.0,WAS,NYG,WAS,14.84365291,361,309,0,26,41,41,35,Away,1.115430845,301,261,1.0,26.25,31.0
172,2019092206,NE,NYJ,NYJ,-20.29475927,105,145,2,20,27,14,30,Home,-12.13187994,243,194,1.0,22.5,40.5,NE,NYJ,NE,-0.7631262870000001,381,305,1,27,46,14,30,Home,13.16742214,422,272,0.5,32.0,34.0
173,2019100606,PHI,NYJ,NYJ,-32.17665527,128,128,4,19,37,6,31,Home,-14.85283972,197,177,1.333333333,21.66666667,36.0,PHI,NYJ,PHI,-2.308147773,265,202,0,29,30,6,31,Home,7.997573677999999,357,339,1.25,29.25,39.5
174,2019102705,JAX,NYJ,NYJ,-11.81651564,215,233,3,14,39,15,29,Home,-18.67897139,192,234,3.0,19.75,32.75,JAX,NYJ,JAX,4.471678557,389,223,1,34,36,15,29,Home,3.2383957239999996,412,289,1.0,34.25,37.5
175,2019110304,MIA,NYJ,NYJ,-3.4921675839999997,321,269,1,21,42,18,26,Home,-16.55941048,219,256,3.25,18.25,35.75,MIA,NYJ,MIA,4.605975462,316,343,0,24,40,18,26,Home,-5.405955573,278,258,2.25,22.0,38.0
176,2019111707,WAS,NYJ,NYJ,2.09443113,394,313,2,33,32,34,17,Away,-11.80468829,246,288,2.25,21.0,36.5,WAS,NYJ,WAS,-19.53505258,227,257,1,20,43,34,17,Away,-9.002932969,231,138,0.75,24.5,22.75
177,2019120102,CIN,NYJ,NYJ,-12.09985716,271,353,0,17,52,6,22,Home,2.1074703219999997,352,263,0.75,28.25,34.0,CIN,NYJ,CIN,0.790515289,277,258,0,25,38,6,22,Home,-10.16473681,299,249,1.75,26.25,38.75
178,2019121200,BAL,NYJ,NYJ,-6.097444752,312,252,2,24,34,21,42,Home,0.045584853,360,318,0.75,28.0,37.75,BAL,NYJ,BAL,18.64355704,432,267,0,35,25,21,42,Home,15.57195277,377,186,0.5,39.0,25.75
179,2019122901,BUF,NYJ,NYJ,-10.2064649,271,238,1,27,38,13,6,Away,-6.41854372,304,304,1.0,26.25,37.75,BUF,NYJ,BUF,-16.70749738,309,306,3,20,41,13,6,Away,-2.847252684,274,294,0.75,29.5,32.75
180,2019092205,MIN,OAK,OAK,-0.589291759,302,211,1,20,38,14,34,Home,6.551215062000001,332,233,1.0,23.5,33.5,MIN,OAK,MIN,17.43702549,385,100,0,38,21,14,34,Home,0.897302045,345,193,2.0,32.5,22.0
181,2019092905,IND,OAK,OAK,10.300402499999999,377,176,1,32,32,31,24,Away,4.171046122,322,225,1.0,22.33333333,35.0,IND,OAK,IND,1.7508758640000002,346,484,2,23,46,31,24,Away,11.7287634,348,168,1.0,30.66666667,32.66666667
182,2019102004,GB,OAK,OAK,14.76437937,484,318,2,31,31,24,42,Home,1.129548199,346,184,1.5,27.5,35.75,GB,OAK,GB,31.72323822,481,268,0,23,32,24,42,Home,10.03924357,396,313,1.0,25.25,39.75
183,2019102704,HOU,OAK,OAK,15.96764034,378,278,0,23,30,24,27,Home,6.95920467,390,201,1.5,30.5,33.25,HOU,OAK,HOU,20.93880482,388,266,0,32,42,24,27,Home,10.87510716,430,309,1.75,30.25,38.25
184,2019112406,NYJ,OAK,OAK,-22.94320956,208,200,2,22,35,3,34,Home,8.186354247,373,227,0.5,28.5,32.0,NYJ,OAK,NYJ,9.025242989,401,215,0,30,30,3,34,Home,-3.102969335,306,267,1.5,24.25,36.25
185,2019120105,KC,OAK,OAK,-13.56538419,332,170,3,25,32,9,38,Home,-1.541358229,330,208,1.0,28.25,33.25,KC,OAK,KC,8.353320704,259,259,0,29,30,9,38,Home,7.336211287999999,388,292,1.0,22.5,41.0
186,2019122201,LAC,OAK,OAK,15.64553282,366,137,0,29,33,24,17,Away,-7.589615556,314,213,1.5,25.75,35.75,LAC,OAK,LAC,2.141618428,284,208,0,16,40,24,17,Away,0.916841335,417,303,3.0,24.25,39.25
187,2019122913,DEN,OAK,OAK,-5.2434408580000005,477,305,1,22,49,15,16,Home,2.0575700390000002,354,197,1.0,27.5,35.25,DEN,OAK,DEN,2.073980354,238,229,1,27,30,15,16,Home,3.526035274,302,205,1.0,25.0,33.0
188,2019091513,ATL,PHI,PHI,-5.035037942,288,432,3,22,52,20,24,Home,19.79620149,438,343,0.0,32.0,40.0,ATL,PHI,ATL,1.583553535,367,399,3,17,44,20,24,Home,-13.60153783,345,360,3.0,17.0,52.0
189,2019092600,GB,PHI,PHI,23.10717503,330,178,0,33,27,34,27,Away,2.961039894,366,393,1.6666666669999999,28.0,43.66666667,GB,PHI,GB,16.74613743,491,374,2,20,54,34,27,Away,-1.711609919,286,272,0.666666667,26.0,33.33333333
190,2019101306,MIN,PHI,PHI,-2.0430745999999997,400,375,3,22,43,20,38,Home,2.471486362,314,304,1.25,28.5,37.0,MIN,PHI,MIN,12.67001184,447,374,2,35,30,20,38,Home,4.941384674,379,213,1.75,28.75,31.75
191,2019102011,DAL,PHI,PHI,-17.050337399999997,283,323,4,28,29,10,37,Home,3.2194771980000003,342,290,1.25,28.5,34.75,DAL,PHI,DAL,16.82552585,402,225,1,36,30,10,37,Home,4.10666343,423,385,1.75,27.25,39.0
192,2019102701,BUF,PHI,PHI,8.415201312,373,121,0,42,27,31,13,Away,0.426403816,319,269,1.75,28.0,32.25,BUF,PHI,BUF,-5.984282614,253,317,2,20,38,31,13,Away,-1.341107858,353,306,1.75,27.25,37.75
193,2019120106,MIA,PHI,PHI,13.542575199999998,388,506,1,19,49,31,37,Home,-4.568034388,336,277,1.5,30.5,40.75,MIA,PHI,MIA,16.51122991,411,352,1,20,45,31,37,Home,-4.230928285,283,286,1.25,20.75,43.0
194,2019121508,WAS,PHI,PHI,15.85911224,415,209,1,28,45,37,27,Away,-3.4049003439999996,351,376,2.0,24.0,48.75,WAS,PHI,WAS,7.117758368,352,196,1,22,29,37,27,Away,-5.547771892,270,276,1.0,25.75,34.5
195,2019122911,NYG,PHI,PHI,6.781615448999999,400,301,0,31,41,34,17,Away,8.057516342000001,413,308,0.75,27.25,47.0,NYG,PHI,NYG,-12.57978618,397,521,2,21,51,34,17,Away,6.164680626,388,299,1.5,26.5,35.5
196,2019092212,SF,PIT,PIT,-14.14905918,239,156,2,22,29,20,24,Home,-5.544617313,284,363,1.0,14.5,42.0,SF,PIT,SF,-4.83939096,436,266,5,40,33,20,24,Home,6.589002572999999,414,171,1.5,37.0,27.5
197,2019101311,LAC,PIT,PIT,3.3746191939999997,256,91,1,36,20,24,17,Away,-1.417239385,273,191,1.5,20.5,32.0,LAC,PIT,LAC,-5.8404977460000005,348,481,3,14,45,24,17,Away,-0.266317078,356,323,1.5,23.0,42.0
198,2019111400,CLE,PIT,PIT,-37.15149275,236,436,4,16,48,7,21,Home,-3.833649762,299,253,1.5,29.25,33.75,CLE,PIT,CLE,-13.99629268,293,264,0,35,33,7,21,Home,-1.976736628,359,262,1.75,25.25,39.5
199,2019112403,CIN,PIT,PIT,-5.5525161579999995,338,212,1,38,30,16,10,Away,-13.96517775,294,339,2.25,24.25,40.75,CIN,PIT,CIN,-16.31992003,244,142,2,21,30,16,10,Away,-8.850580955,311,289,2.25,26.0,42.5
200,2019120810,ARI,PIT,PIT,-4.284586585,275,93,2,35,22,23,17,Away,-15.00717385,292,287,2.0,28.25,35.25,ARI,PIT,ARI,-12.9296953,236,209,3,22,35,23,17,Away,0.191593533,310,240,1.25,21.75,38.0
201,2019122209,NYJ,PIT,PIT,-11.95770474,260,287,2,25,41,10,16,Home,-6.713786009,291,224,2.25,29.75,29.0,NYJ,PIT,NYJ,-8.639395424,259,222,1,32,28,10,16,Home,-2.002384117,339,302,0.75,25.75,38.25
202,2019122900,BAL,PIT,PIT,-18.94527095,168,132,2,23,27,10,28,Home,-8.315083153,271,242,2.5,26.5,31.75,BAL,PIT,BAL,0.152024522,304,135,2,44,24,10,28,Home,10.1300784,363,214,0.75,36.5,26.5
203,2019091507,PIT,SEA,SEA,7.139308651,425,256,2,33,39,28,26,Away,1.023978016,232,197,2.0,25.0,24.0,PIT,SEA,PIT,3.178676709,261,261,1,16,36,28,26,Away,-14.26791134,308,465,1.0,13.0,48.0
204,2019092908,ARI,SEA,SEA,11.56123969,340,213,0,27,32,27,10,Away,2.648959171,390,335,2.0,28.0,37.66666667,ARI,SEA,ARI,-3.5479310610000003,321,168,1,23,36,27,10,Away,2.199244997,329,373,1.333333333,18.66666667,51.66666667
205,2019101302,CLE,SEA,SEA,11.81985174,454,280,1,39,36,32,28,Away,8.219389091,427,320,1.25,32.25,36.5,CLE,SEA,CLE,0.764428067,408,353,4,24,38,32,28,Away,-2.071013641,338,267,1.5,23.0,34.5
206,2019102700,ATL,SEA,SEA,21.72334219,322,202,0,33,22,27,20,Away,5.886788085,392,302,1.0,33.75,33.75,ATL,SEA,ATL,5.13570308,512,352,3,17,56,27,20,Away,4.23738785,366,356,1.25,19.25,45.75
207,2019111100,SF,SEA,SEA,-21.11907866,336,185,4,34,39,27,24,Away,7.908645544,404,321,1.0,30.0,36.75,SF,SEA,SF,-29.90974557,304,374,3,27,52,27,24,Away,3.104055055,353,177,1.0,37.25,30.5
208,2019112411,PHI,SEA,SEA,-3.474718048,348,387,2,26,31,17,9,Away,-0.326087054,374,298,1.75,28.75,37.5,PHI,SEA,PHI,-18.03774323,344,280,5,24,48,17,9,Away,-4.32118293,321,288,1.25,31.5,36.0
209,2019120813,LA,SEA,SEA,-5.588741777,308,395,1,21,41,12,28,Home,-0.5167987239999999,405,291,2.25,31.25,37.5,LA,SEA,LA,9.453617745,455,305,2,35,32,12,28,Home,-6.25661818,339,248,2.0,24.0,37.25
210,2019121500,CAR,SEA,SEA,18.473393100000003,428,313,1,34,29,30,24,Away,-4.9936702969999995,359,303,2.25,31.0,36.0,CAR,SEA,CAR,6.782127582999999,414,245,3,29,43,30,24,Away,-6.107992277,330,342,2.5,21.5,48.75
211,2019091501,CIN,SF,SF,23.019259100000003,571,187,1,42,26,41,17,Away,-9.841253958,258,156,2.0,32.0,29.0,CIN,SF,CIN,-5.564585458,316,315,1,19,46,41,17,Away,-3.454075693,429,381,2.0,14.0,56.0
212,2019101308,LA,SF,SF,-11.94108522,331,145,2,41,35,20,7,Away,5.153335005,427,197,2.25,38.5,29.75,LA,SF,LA,-26.41785715,157,155,1,22,28,20,7,Away,6.272473487,429,368,2.5,21.0,47.75
213,2019102007,WAS,SF,SF,-7.151433461,283,187,1,39,23,9,0,Away,4.62837719,446,194,2.25,40.75,31.25,WAS,SF,WAS,-17.08230785,154,49,1,26,15,9,0,Away,-14.15070959,266,226,2.75,22.75,34.5
214,2019103100,ARI,SF,SF,17.79603215,411,261,0,31,38,28,25,Away,1.723728476,362,157,1.25,39.5,28.75,ARI,SF,ARI,15.18629311,359,104,0,23,28,28,25,Away,7.6778829129999995,359,223,0.0,29.0,32.75
215,2019120100,BAL,SF,SF,2.7006596810000003,331,158,1,29,23,17,20,Home,1.608295254,374,244,1.25,24.75,40.25,BAL,SF,BAL,5.084819615,283,197,1,38,24,17,20,Home,23.35343427,428,187,0.5,37.25,25.0
216,2019120806,NO,SF,SF,22.74819056,516,242,1,24,39,48,46,Away,-2.165547864,354,218,1.5,24.25,36.5,NO,SF,NO,19.58800793,465,250,1,28,42,48,46,Away,7.020479459,333,249,0.5,18.75,40.0
217,2019122915,SEA,SF,SF,18.54681428,398,147,0,24,25,26,21,Away,7.597779678999999,373,185,1.75,25.75,32.5,SEA,SF,SEA,11.8497859,348,267,0,30,41,26,21,Away,2.8457613260000003,351,318,1.25,29.5,34.75
218,2019091200,CAR,TB,TB,1.049662625,289,305,0,31,28,20,14,Away,-21.60230802,295,315,4.0,26.0,39.0,CAR,TB,CAR,-12.14112891,352,555,1,19,54,20,14,Away,-5.666049607000001,343,238,3.0,23.0,41.0
219,2019092909,LA,TB,TB,21.78963808,464,393,1,30,43,54,40,Away,-2.7823677339999997,361,367,1.6666666669999999,29.66666667,36.0,LA,TB,LA,2.1500661340000002,518,472,4,11,71,54,40,Away,3.113693347,357,287,1.6666666669999999,28.66666667,37.0
220,2019100603,NO,TB,TB,6.192955822,252,233,0,22,33,24,31,Home,3.36063372,386,373,1.5,29.75,37.75,NO,TB,NO,17.0596945,457,260,1,31,36,24,31,Home,5.298582700000001,321,209,0.75,23.0,35.75
221,2019102708,TEN,TB,TB,-4.432290153,391,458,4,30,48,23,27,Home,8.518087514,406,426,2.25,24.75,44.75,TEN,TB,TEN,-2.258149264,246,337,1,21,36,23,27,Home,-3.81778068,306,189,1.0,27.75,31.75
222,2019110308,SEA,TB,TB,8.808781598,418,448,1,26,46,34,40,Home,4.3586294269999994,379,420,3.0,24.25,46.5,SEA,TB,SEA,12.31874451,494,346,1,22,47,34,40,Home,8.427313711,388,300,1.0,35.25,31.25
223,2019112400,ATL,TB,TB,11.26503734,446,284,2,34,28,35,22,Away,0.969636892,400,452,3.0,22.5,49.75,ATL,TB,ATL,-3.9142095039999996,337,531,2,19,62,35,22,Away,0.406146956,350,293,1.5,23.0,41.5
224,2019120104,JAX,TB,TB,-4.604027353,315,337,1,31,37,26,11,Away,4.893968763999999,413,408,2.5,23.5,44.75,JAX,TB,JAX,-27.06754263,244,214,4,17,47,26,11,Away,-3.280433307,356,351,2.0,21.25,47.5
225,2019121502,DET,TB,TB,14.37341857,495,468,1,29,44,38,17,Away,0.141650805,409,373,2.75,25.25,42.0,DET,TB,DET,-12.50382825,295,354,3,18,45,38,17,Away,-2.670882943,317,292,1.75,27.25,38.5
226,2019091900,JAX,TEN,TEN,-5.107737918,340,431,0,26,49,7,20,Home,1.547561999,291,147,0.0,26.0,30.0,JAX,TEN,JAX,2.844267294,292,213,1,20,30,7,20,Home,7.859666586,354,215,1.5,19.0,36.0
227,2019092900,ATL,TEN,TEN,8.21597831,365,131,0,34,27,24,10,Away,-0.6708713070000001,307,241,0.0,26.0,36.33333333,ATL,TEN,ATL,-6.96265303,422,468,1,17,58,24,10,Away,4.932829568,369,350,2.333333333,18.0,43.33333333
228,2019101309,DEN,TEN,TEN,-23.04690623,204,320,3,21,41,0,16,Home,-3.799112998,300,201,0.0,27.75,33.75,DEN,TEN,DEN,-2.882019456,270,216,1,30,29,0,16,Home,1.45337032,351,200,1.5,27.5,37.0
229,2019110302,CAR,TEN,TEN,-4.500147929,431,304,3,21,44,20,30,Home,-6.4363125729999995,276,241,1.25,24.5,34.0,CAR,TEN,CAR,8.291291491,370,399,1,33,35,20,30,Home,-5.545182847,310,270,1.75,26.0,37.25
230,2019120103,IND,TEN,TEN,-1.7700026359999999,292,167,2,30,28,31,17,Away,6.885387129,380,257,1.75,25.5,30.5,IND,TEN,IND,-15.14077451,391,322,3,24,43,31,17,Away,-1.949067722,328,245,1.75,33.25,32.5
231,2019120812,OAK,TEN,TEN,25.43004449,552,294,1,32,27,42,21,Away,7.007423786,391,214,2.0,27.75,28.5,OAK,TEN,OAK,1.4602459159999999,355,247,1,24,36,42,21,Away,-8.58570512,301,184,1.75,25.5,33.25
232,2019122906,HOU,TEN,TEN,28.53991201,467,284,0,39,21,35,14,Away,9.12248624,418,271,1.25,29.0,31.5,HOU,TEN,HOU,3.758525143,301,308,1,25,40,35,14,Away,3.596256987,323,279,1.75,26.5,36.75
233,2019092907,NYG,WAS,WAS,-20.84118231,176,256,4,17,31,3,24,Home,3.697890081,336,266,1.6666666669999999,17.0,44.0,NYG,WAS,NYG,4.441413256000001,389,167,4,37,31,3,24,Home,6.361675712,408,342,2.0,18.66666667,45.66666667
234,2019101305,MIA,WAS,WAS,-5.269143698,311,222,0,33,25,17,16,Away,-10.77361029,252,227,2.75,18.75,37.75,MIA,WAS,MIA,-7.142091996,271,266,2,21,49,17,16,Away,-18.705698,225,355,2.0,17.25,38.5
235,2019102400,MIN,WAS,WAS,-6.260880942000001,216,139,2,16,25,9,19,Home,-15.05961375,216,176,1.75,24.0,26.0,MIN,WAS,MIN,10.03372556,434,95,1,38,29,9,19,Home,13.80274841,415,293,1.25,30.5,34.25
236,2019110301,BUF,WAS,WAS,-7.399399386,243,144,0,23,26,9,24,Home,-11.414538400000001,226,146,1.25,23.75,24.5,BUF,WAS,BUF,9.965367002,268,201,0,39,22,9,24,Home,-2.042643963,312,310,1.75,23.25,37.75
237,2019120101,CAR,WAS,WAS,5.728248538,362,204,0,30,31,29,21,Away,-9.081232345,229,232,1.25,20.75,31.75,CAR,WAS,CAR,-6.799080428,278,418,2,20,53,29,21,Away,-0.476307274,367,331,1.75,25.0,44.5
238,2019120803,GB,WAS,WAS,-5.254687055,262,255,1,29,31,15,20,Home,-6.083949975,265,249,0.75,24.25,33.25,GB,WAS,GB,5.744145024,341,219,1,28,32,15,20,Home,1.1562479079999999,274,287,0.25,23.25,36.25
239,2019122904,DAL,WAS,WAS,-20.50155866,271,241,2,20,39,16,47,Home,5.608743191,334,241,0.5,26.75,33.0,DAL,WAS,DAL,19.39423932,517,206,1,36,36,16,47,Home,5.247942288,405,353,0.75,25.5,43.5
240,2018091300,CIN,BAL,BAL,-3.619686228,425,509,3,22,60,34,23,Away,6.173291149,369,256,1.0,34.0,41.0,CIN,BAL,CIN,8.814258384,373,257,0,28,42,34,23,Away,3.6071878010000002,330,139,2.0,20.0,30.0
241,2018091600,ATL,CAR,CAR,15.22756688,439,324,1,18,47,31,24,Away,-0.165881002,293,155,1.0,33.0,29.0,ATL,CAR,ATL,17.19179241,442,293,1,32,28,31,24,Away,-4.292676028,299,380,2.0,18.0,47.0
242,2018091601,BUF,LAC,LAC,11.74168252,349,101,0,26,29,20,31,Home,11.89810625,545,483,1.0,23.0,54.0,BUF,LAC,BUF,-3.203616186,293,341,2,22,38,20,31,Home,-34.87605898,153,368,2.0,22.0,39.0
243,2018091603,NO,CLE,CLE,-12.84343507,327,238,1,27,33,21,18,Away,-18.11692445,327,413,1.0,38.0,47.0,NO,CLE,NO,-7.303729495,277,255,2,24,38,21,18,Away,19.88936339,479,348,2.0,14.0,47.0
244,2018091604,NYJ,MIA,MIA,-0.683649973,257,137,2,31,27,12,20,Home,5.132728744,342,291,2.0,29.0,29.0,NYJ,MIA,NYJ,-10.05709293,362,397,3,19,44,12,20,Home,1.5575562090000001,349,166,1.0,36.0,23.0
245,2018091605,PIT,KC,KC,26.10054545,449,302,1,25,29,37,42,Home,22.46452068,362,351,1.0,27.0,28.0,PIT,KC,PIT,14.96984364,477,537,0,13,62,37,42,Home,-18.01720276,472,382,6.0,35.0,45.0
246,2018091606,TB,PHI,PHI,0.877211953,412,323,2,24,51,27,21,Away,-2.435955474,234,285,1.0,28.0,37.0,TB,PHI,TB,6.217991781,436,318,2,23,35,27,21,Away,27.68620953,529,341,0.0,34.0,28.0
247,2018091607,TEN,HOU,HOU,6.806966296000001,437,399,1,26,36,20,17,Away,-0.791936587,325,377,3.0,34.0,37.0,TEN,HOU,TEN,9.396481293999999,283,122,0,34,23,20,17,Away,-9.148304053,336,259,3.0,29.0,38.0
248,2018091608,WAS,IND,IND,0.8123307359999999,281,132,2,28,32,9,21,Home,-1.8413903740000002,380,297,2.0,22.0,55.0,WAS,IND,WAS,-9.150642769,334,326,1,22,49,9,21,Home,15.34007971,429,101,1.0,42.0,33.0
249,2018091609,LA,ARI,ARI,-17.378115899999997,137,133,1,15,28,34,0,Away,-4.103005628,213,208,2.0,15.0,37.0,LA,ARI,LA,17.04004442,438,302,1,35,35,34,0,Away,9.69457592,365,330,0.0,26.0,34.0
250,2018091610,SF,DET,DET,7.87304882,427,460,1,18,55,30,27,Away,-36.00651484,339,403,6.0,15.0,52.0,SF,DET,SF,16.10146979,346,152,0,28,32,30,27,Away,-15.77074916,327,368,4.0,25.0,36.0
251,2018091611,DEN,OAK,OAK,5.859557432000001,373,185,0,27,33,20,19,Away,-5.857071792,395,209,3.0,23.0,41.0,DEN,OAK,DEN,8.212997814,385,339,1,28,36,20,19,Away,2.9177332469999997,470,366,3.0,32.0,40.0
252,2018091612,JAX,NE,NE,-3.3141982860000003,302,213,1,24,37,31,20,Away,3.7418794610000004,389,320,2.0,31.0,41.0,JAX,NE,JAX,14.46716377,480,351,2,24,45,31,20,Away,-2.643118276,305,230,2.0,28.0,34.0
253,2018091613,DAL,NYG,NYG,-3.28298752,255,287,1,17,50,20,13,Away,-11.26907869,324,249,1.0,24.0,39.0,DAL,NYG,DAL,8.42486139,298,230,0,25,25,20,13,Away,-13.04221055,234,216,1.0,23.0,35.0
254,2018091700,CHI,SEA,SEA,-13.12156689,276,289,2,22,42,23,17,Away,2.24460222,306,337,3.0,16.0,39.0,CHI,SEA,CHI,-2.890506783,271,207,2,27,36,23,17,Away,-3.7784684189999997,294,222,1.0,27.0,39.0
255,2018092000,CLE,NYJ,NYJ,-3.687894869,268,202,3,30,33,21,17,Away,-4.249768363,355,281,2.0,27.5,33.5,CLE,NYJ,CLE,-1.844661034,325,419,0,33,42,21,17,Away,-15.48017976,327,325,1.0,32.5,40.0
256,2018092300,ATL,NO,NO,26.23054722,534,273,0,27,50,37,43,Home,6.292816948,378,301,2.0,19.0,42.5,ATL,NO,ATL,12.91789648,411,308,0,22,40,37,43,Home,6.449558193,370,336,1.5,25.0,37.5
257,2018092301,BAL,DEN,DEN,-9.125710847,293,183,1,24,37,27,14,Away,5.565365531,427,352,2.0,30.0,38.0,BAL,DEN,BAL,3.533458618,342,365,0,28,42,27,14,Away,1.276802461,397,382,2.0,28.0,50.5
258,2018092302,CAR,CIN,CIN,4.049695004,396,444,4,13,48,31,21,Away,6.2107230929999995,351,198,1.0,24.0,36.0,CAR,CIN,CAR,11.38787327,377,218,0,41,25,31,21,Away,7.530842937999999,366,239,1.0,25.5,38.0
259,2018092303,HOU,NYG,NYG,11.99326135,379,181,0,27,33,22,27,Home,-7.276033105,289,268,1.0,20.5,44.5,HOU,NYG,HOU,9.638545228,427,439,2,19,44,22,27,Home,3.007514855,381,388,2.0,30.0,36.5
260,2018092304,JAX,TEN,TEN,-4.607916003,233,89,0,35,24,6,9,Home,0.12408862,309,190,1.5,31.5,30.5,JAX,TEN,JAX,-6.389216362000001,232,144,1,19,37,6,9,Home,5.912022749,392,290,2.0,26.0,39.5
261,2018092305,KC,SF,SF,14.90199936,408,272,0,29,35,38,27,Away,0.16536031199999998,336,260,2.0,26.5,34.0,KC,SF,KC,24.36185764,384,389,0,28,40,38,27,Away,24.28253307,405,326,1.0,26.0,28.5
262,2018092306,MIA,OAK,OAK,6.420089782000001,434,233,2,32,42,28,20,Away,0.00124282,384,197,1.5,25.0,37.0,MIA,OAK,MIA,18.91519491,373,248,0,14,25,28,20,Away,2.224539386,299,214,2.0,30.0,28.0
263,2018092307,MIN,BUF,BUF,4.821393764,292,190,0,38,25,6,27,Home,-19.03983758,223,354,2.0,22.0,38.5,MIN,BUF,MIN,-18.33700905,292,335,3,6,60,6,27,Home,2.1944366580000003,412,308,1.0,25.0,45.0
264,2018092308,PHI,IND,IND,-5.694040395,209,273,0,13,43,20,16,Away,-0.5145298189999999,330,214,2.0,25.0,43.5,PHI,IND,PHI,-6.34144903,379,288,2,35,42,20,16,Away,-0.7793717609999999,323,304,1.5,26.0,44.0
265,2018092309,WAS,GB,GB,-4.3415572010000005,340,332,1,17,49,31,17,Away,2.365999162,360,325,1.0,21.0,43.5,WAS,GB,WAS,10.23106606,386,202,1,35,20,31,17,Away,3.094718472,381,213,1.0,32.0,41.0
266,2018092310,LA,LAC,LAC,4.433212411,356,276,2,20,32,34,23,Away,11.81989438,447,292,0.5,24.5,41.5,LA,LAC,LA,15.78760395,521,212,2,35,37,34,23,Away,13.36731017,401,316,0.5,30.5,34.5
267,2018092311,ARI,CHI,CHI,-2.118022154,316,338,2,31,38,14,16,Home,-3.334487601,282,214,1.5,27.0,37.5,ARI,CHI,ARI,-6.877196558,221,248,4,18,30,14,16,Home,-10.74056077,175,170,1.5,15.0,32.5
268,2018092312,SEA,DAL,DAL,-9.92074017,303,186,3,19,39,24,13,Away,-2.308674578,266,223,0.5,24.0,30.0,SEA,DAL,SEA,4.483395047,295,241,0,39,28,24,13,Away,-5.438482333,291,313,2.5,19.0,40.5
269,2018092313,DET,NE,NE,-6.869234599999999,209,333,1,19,28,26,10,Away,0.213840588,345,266,1.5,27.5,39.0,DET,NE,DET,13.03206804,414,194,1,33,37,26,10,Away,-14.06673301,383,431,3.5,16.5,53.5
270,2018092400,TB,PIT,PIT,4.619970911,413,267,1,22,41,27,29,Home,-1.52367956,474,459,3.0,24.0,53.5,TB,PIT,TB,2.193595793,455,556,4,16,53,27,29,Home,16.95210065,482,329,1.0,28.5,31.5
271,2018092700,LA,MIN,MIN,17.08004019,448,304,1,17,55,38,31,Away,-4.649378577,372,317,1.6666666669999999,18.66666667,50.0,LA,MIN,LA,25.24289499,556,308,0,20,35,38,31,Away,14.17407476,441,281,1.0,32.0,35.33333333
272,2018093000,ATL,CIN,CIN,19.98730312,407,285,1,23,45,36,37,Home,5.490380396,366,280,2.0,20.33333333,40.0,ATL,CIN,ATL,19.87879282,495,430,0,24,43,36,37,Home,8.605670955,384,327,1.0,24.0,38.33333333
273,2018093001,CHI,TB,TB,-4.709919181,311,365,3,18,42,48,10,Away,12.03259903,473,405,2.0,24.33333333,38.66666667,CHI,TB,CHI,32.7399278,483,270,0,31,27,48,10,Away,-2.9289991189999998,293,255,1.6666666669999999,28.33333333,37.66666667
274,2018093002,DAL,DET,DET,18.27801033,382,229,0,20,33,26,24,Away,-5.0337993260000005,393,352,2.666666667,22.0,48.0,DAL,DET,DAL,18.72241533,414,261,0,35,30,26,24,Away,-4.846029775,278,210,1.333333333,22.33333333,33.0
275,2018093003,GB,BUF,BUF,-24.4672551,145,307,3,16,40,22,0,Away,-11.0860938,246,299,1.333333333,27.33333333,34.0,GB,BUF,GB,0.6071728670000001,423,423,2,32,42,22,0,Away,0.130147041,353,327,1.0,19.66666667,45.33333333
276,2018093004,IND,HOU,HOU,8.239307082,466,342,1,35,49,34,37,Home,5.217858312,396,405,2.0,26.33333333,39.0,IND,HOU,IND,4.892553422,480,523,2,17,68,34,37,Home,-2.241033344,290,234,1.333333333,21.0,43.33333333
277,2018093005,JAX,NYJ,NYJ,-13.87105357,178,360,0,14,38,31,12,Away,-4.062477198,326,255,2.333333333,28.33333333,33.33333333,JAX,NYJ,JAX,6.4636818179999995,503,138,3,34,41,31,12,Away,1.8116097119999999,339,241,1.6666666669999999,23.66666667,38.66666667
278,2018093006,NE,MIA,MIA,-20.89990186,172,259,2,18,27,38,7,Away,7.788091226000001,324,225,1.333333333,24.66666667,27.0,NE,MIA,NE,10.87367948,449,279,2,40,35,38,7,Away,-2.147184475,300,288,1.333333333,24.66666667,35.33333333
279,2018093007,TEN,PHI,PHI,7.350644817999999,432,375,1,22,54,26,23,Away,-2.6333975169999997,341,298,1.6666666669999999,29.0,43.33333333,TEN,PHI,TEN,8.319299649,397,421,1,22,46,26,23,Away,-1.453246254,284,156,1.0,32.66666667,28.33333333
280,2018093008,ARI,SEA,SEA,-6.065679203999999,331,136,0,34,28,17,20,Home,-2.1311898730000003,292,289,1.6666666669999999,25.66666667,36.33333333,ARI,SEA,ARI,-9.494473461,263,245,1,28,28,17,20,Home,-9.452772696,190,196,2.333333333,16.0,31.66666667
281,2018093009,OAK,CLE,CLE,-4.163908806,491,390,4,33,44,44,42,Away,-10.93500685,326,356,0.666666667,32.66666667,40.66666667,OAK,CLE,OAK,-3.725549815,567,474,2,29,62,44,42,Away,2.140858474,400,209,1.6666666669999999,27.33333333,38.66666667
282,2018093010,LAC,SF,SF,-9.144520451,364,205,2,21,38,29,26,Away,5.077573328,360,264,1.333333333,27.33333333,34.33333333,LAC,SF,LAC,-2.889100418,370,261,1,27,41,29,26,Away,9.357667059,416,286,1.0,23.0,38.33333333
283,2018093011,NYG,NO,NO,16.32770829,389,255,0,32,35,18,33,Home,12.93872704,430,292,1.333333333,21.66666667,45.0,NYG,NO,NYG,1.911671559,301,250,2,15,45,18,33,Home,-0.852934953,319,239,0.666666667,22.66666667,40.66666667
284,2018093012,PIT,BAL,BAL,11.00138413,451,387,1,30,44,14,26,Home,2.02902118,378,376,1.333333333,28.0,47.66666667,PIT,BAL,PIT,-8.498207385,286,332,2,11,49,14,26,Home,0.52420393,454,395,2.333333333,23.33333333,49.33333333
285,2018100100,DEN,KC,KC,16.25566162,446,357,0,26,46,23,27,Home,24.30897459,398,347,0.666666667,26.66666667,32.33333333,DEN,KC,DEN,5.271284248,385,282,1,22,37,23,27,Home,0.668340071,382,296,1.6666666669999999,28.0,37.66666667
286,2018100400,NE,IND,IND,-0.41744792700000005,439,470,3,21,60,38,24,Away,-0.45763665299999995,337,306,1.5,20.0,49.5,NE,IND,NE,16.348330999999998,438,285,2,23,44,38,24,Away,1.108031513,337,286,1.5,28.5,35.25
287,2018100700,BUF,TEN,TEN,-7.4426893320000005,221,180,3,25,28,13,12,Away,0.989890222,312,222,1.0,30.0,32.75,BUF,TEN,BUF,-8.680865802000001,223,153,1,43,21,13,12,Away,-14.43138412,220,301,1.75,24.5,35.5
288,2018100701,CAR,NYG,NYG,12.09580835,434,400,2,16,39,32,31,Away,-0.161783325,314,241,1.0,20.75,41.75,CAR,NYG,CAR,9.101473893,350,313,3,31,36,32,31,Away,8.816519714,369,232,0.666666667,30.66666667,33.66666667
289,2018100702,CIN,MIA,MIA,-13.84149885,297,202,3,22,38,25,16,Away,0.616092955,286,233,1.5,23.0,27.0,CIN,MIA,CIN,-8.051168724,332,248,1,26,32,25,16,Away,9.114611077000001,376,281,1.75,21.0,41.25
290,2018100703,CLE,BAL,BAL,-16.69275785,410,459,2,25,59,12,9,Away,4.272111918,396,379,1.25,28.5,46.75,CLE,BAL,CLE,-5.69604165,416,409,1,28,48,12,9,Away,-9.242232341,367,365,1.5,32.75,41.5
291,2018100704,DET,GB,GB,-1.167635835,523,456,2,20,58,31,23,Away,0.249403497,371,351,1.25,22.75,44.5,DET,GB,DET,13.75168757,264,234,1,28,29,31,23,Away,0.794153088,390,321,2.0,21.5,44.25
292,2018100705,KC,JAX,JAX,-12.37944412,502,647,5,17,66,29,14,Away,2.9746277389999998,380,215,2.0,26.25,39.25,KC,JAX,KC,11.81687058,424,356,2,30,39,29,14,Away,22.29564635,410,349,0.5,26.5,35.75
293,2018100706,NYJ,DEN,DEN,-0.6799090329999999,436,330,1,17,56,34,16,Away,1.819076116,383,292,1.5,26.5,37.5,NYJ,DEN,NYJ,14.26691561,512,197,2,38,23,34,16,Away,-6.514621292,289,281,1.75,24.75,34.5
294,2018100707,PIT,ATL,ATL,-6.052623189,324,359,1,19,51,40,17,Away,11.42395142,411,352,0.75,24.0,39.5,PIT,ATL,PIT,18.10907435,381,234,1,29,29,40,17,Away,-1.731398899,412,379,2.25,20.25,49.25
295,2018100708,LAC,OAK,OAK,-6.0378191139999995,289,228,2,13,36,26,10,Away,0.674256402,442,275,1.75,27.75,44.5,LAC,OAK,LAC,19.14635635,412,185,0,31,28,26,10,Away,6.29597519,405,280,1.0,24.0,39.0
296,2018100709,PHI,MIN,MIN,-1.718168423,375,217,1,23,38,21,22,Home,0.782976115,391,313,1.5,18.25,51.25,PHI,MIN,PHI,-0.9410003140000001,366,307,2,18,38,21,22,Home,-0.13738693300000002,364,317,1.5,27.25,46.0
297,2018100710,SF,ARI,ARI,-6.421270578,220,277,0,23,26,18,27,Home,-9.463197888,208,208,2.0,19.0,30.75,SF,ARI,SF,-13.82981955,447,260,5,35,60,18,27,Home,1.5220498830000002,361,249,1.5,25.75,35.25
298,2018100711,SEA,LA,LA,16.43564199,468,271,2,30,33,31,33,Home,16.94127982,470,288,0.75,29.0,35.25,SEA,LA,SEA,16.936291399999998,373,240,0,32,23,31,33,Home,-3.1148122060000003,302,250,1.25,27.75,34.25
299,2018100712,HOU,DAL,DAL,-7.979215393,292,221,2,29,31,19,16,Away,1.046081502,312,223,1.0,25.5,32.25,HOU,DAL,HOU,-11.76820378,462,290,2,31,45,19,16,Away,5.973220505,413,389,1.75,28.5,41.5
300,2018100800,NO,WAS,WAS,-4.76561734,283,355,2,18,43,43,19,Away,5.473501000000001,383,209,1.0,33.0,34.0,NO,WAS,NO,24.25459426,447,160,1,33,31,43,19,Away,13.78597235,419,282,1.0,24.25,42.5
301,2018101100,NYG,PHI,PHI,13.45536318,379,234,0,31,37,13,34,Home,0.236351857,397,323,1.75,24.75,46.25,NYG,PHI,NYG,-10.11367188,401,275,1,17,47,13,34,Home,5.679438435,342,279,1.25,18.75,41.75
302,2018101400,ATL,TB,TB,15.73665189,510,457,2,20,44,34,29,Away,7.84696948,432,395,2.25,22.75,39.5,ATL,TB,ATL,19.88365122,417,395,0,22,42,34,29,Away,10.98396463,418,347,0.5,24.25,40.5
303,2018101401,CIN,PIT,PIT,20.30386288,483,401,0,21,47,21,28,Home,7.300170378,389,342,1.0,18.75,45.25,CIN,PIT,CIN,11.96900693,275,406,0,13,45,21,28,Home,6.200021946000001,377,308,1.5,22.5,41.75
304,2018101402,CLE,LAC,LAC,12.26048804,449,235,1,36,22,14,38,Home,8.108037714,371,205,0.75,26.0,32.5,CLE,LAC,CLE,-19.81174399,319,450,2,21,52,14,38,Home,-6.137011641,389,364,1.5,30.25,41.75
305,2018101403,HOU,BUF,BUF,-12.35619643,229,224,2,27,31,19,13,Away,-7.882585831,238,247,1.5,29.75,31.0,HOU,BUF,HOU,-13.00580289,216,213,4,24,33,19,13,Away,3.229153707,448,367,1.5,27.75,43.5
306,2018101404,MIA,CHI,CHI,4.254329317,467,339,3,31,33,31,28,Away,5.988232612000001,341,259,1.25,29.0,35.0,MIA,CHI,MIA,10.39879742,543,293,3,31,45,31,28,Away,-4.127463944,274,211,1.75,21.25,29.25
307,2018101405,MIN,ARI,ARI,-23.715062399999997,268,209,2,20,35,27,16,Away,-10.04276413,210,225,1.5,21.0,28.0,MIN,ARI,MIN,-3.8405906510000003,411,160,2,32,38,27,16,Away,1.448907823,399,304,1.5,16.0,51.0
308,2018101406,NYJ,IND,IND,-4.783408586,428,396,4,23,43,41,34,Away,-0.101651041,352,349,1.75,19.75,50.75,NYJ,IND,NYJ,5.885160974,374,210,2,36,32,41,34,Away,-3.337281443,330,289,2.0,25.25,34.5
309,2018101407,OAK,SEA,SEA,13.06551849,369,224,1,37,24,3,27,Home,0.558110089,318,226,0.5,31.75,30.25,OAK,SEA,OAK,-18.80042024,185,91,2,19,37,3,27,Home,0.629069571,415,280,1.5,25.25,43.25
310,2018101408,WAS,CAR,CAR,-0.48941135399999997,352,306,2,18,42,23,17,Away,8.887758259,364,252,1.25,30.75,34.25,WAS,CAR,WAS,8.733996242,288,260,1,28,39,23,17,Away,2.913721415,358,246,1.25,29.25,36.25
311,2018101409,DEN,LA,LA,13.82805008,444,230,1,39,33,20,23,Home,18.62654634,495,273,1.25,30.0,35.0,DEN,LA,DEN,1.17382136,357,355,1,17,43,20,23,Home,0.919665546,374,283,1.0,22.75,41.5
312,2018101410,DAL,JAX,JAX,-20.91021046,204,221,2,18,29,40,7,Away,0.540546277,429,320,2.75,23.5,47.25,DAL,JAX,DAL,16.02103803,378,244,0,42,30,40,7,Away,2.31183029,326,224,1.25,27.0,31.25
313,2018101411,TEN,BAL,BAL,14.1312804,361,343,1,35,37,0,21,Home,-1.444400331,407,430,1.5,26.25,51.25,TEN,BAL,TEN,-12.96553857,106,175,0,14,26,0,21,Home,1.4162939019999998,283,203,1.0,29.0,30.25
314,2018101412,NE,KC,KC,20.2950851,446,319,2,17,36,43,40,Away,19.63373382,425,351,0.75,27.25,38.5,NE,KC,NE,17.08581323,500,323,1,38,37,43,40,Away,4.259644398,349,277,1.5,26.5,36.0
315,2018101500,GB,SF,SF,8.353270005,401,181,3,30,25,33,30,Away,2.007282285,391,222,1.75,28.25,41.25,GB,SF,GB,12.67831114,521,379,0,21,49,33,30,Away,-0.08647361099999999,409,377,1.25,23.25,48.75
316,2018101800,ARI,DEN,DEN,1.77413074,309,195,1,31,24,10,43,Home,-0.840128568,367,287,1.0,20.0,43.25,ARI,DEN,ARI,-38.76960798,223,290,5,21,45,10,43,Home,-11.62700075,243,244,1.75,22.25,29.75
317,2018102100,LAC,TEN,TEN,13.15314183,390,149,1,33,35,20,19,Away,-4.174211063,239,216,1.0,24.0,31.0,LAC,TEN,LAC,14.43033809,344,219,0,16,28,20,19,Away,8.237739095,396,239,1.0,28.5,30.75
318,2018102101,BAL,NO,NO,12.17810671,339,201,1,39,31,23,24,Home,14.87728007,411,235,0.75,29.0,38.5,BAL,NO,BAL,8.847319761,351,337,0,23,41,23,24,Home,2.9933413260000004,391,388,1.0,29.5,45.5
319,2018102102,CHI,NE,NE,6.181006276000001,381,235,3,27,37,31,37,Home,9.359647276,399,305,1.5,30.0,36.0,CHI,NE,CHI,-2.22401017,453,567,2,25,52,31,37,Home,7.996432046000001,384,288,1.75,30.0,33.5
320,2018102103,IND,BUF,BUF,-20.58628042,303,208,5,22,33,37,5,Away,-10.17073089,222,218,1.5,31.0,29.25,IND,BUF,IND,17.886553600000003,378,113,0,38,23,37,5,Away,-1.5005858719999998,389,415,2.25,18.5,53.5
321,2018102104,JAX,HOU,HOU,4.555173371,272,221,0,37,25,7,20,Home,-1.7240385880000002,392,321,2.25,27.25,42.75,JAX,HOU,JAX,-17.7411798,259,245,3,22,46,7,20,Home,-8.30379728,360,287,2.75,22.0,43.25
322,2018102105,KC,CIN,CIN,-14.86584496,239,279,1,19,35,44,10,Away,6.988709083,352,345,1.5,18.75,42.5,KC,CIN,KC,26.33095568,551,336,1,29,41,44,10,Away,18.18236874,425,355,1.0,25.25,40.25
323,2018102106,MIA,DET,DET,22.80833295,457,140,0,36,23,21,32,Home,13.23370369,371,279,0.75,24.75,38.5,MIA,DET,MIA,8.162403845,322,309,0,19,35,21,32,Home,-1.356852097,346,250,2.0,21.25,33.75
324,2018102107,NYJ,MIN,MIN,2.0615652669999998,316,414,0,24,41,17,37,Home,-1.7039319830000001,381,254,1.75,19.5,47.75,NYJ,MIN,NYJ,-25.34050021,263,490,4,24,45,17,37,Home,0.648282034,333,242,1.75,29.5,31.5
325,2018102108,PHI,CAR,CAR,13.52901237,373,282,0,17,42,17,21,Home,8.806875671,379,290,1.5,27.0,37.5,PHI,CAR,PHI,8.53242222,342,300,1,24,41,17,21,Home,3.3808896639999997,389,301,1.25,26.5,42.75
326,2018102109,TB,CLE,CLE,-2.819290635,305,289,0,23,39,26,23,Away,-7.879088871,387,417,1.75,28.75,46.5,TB,CLE,TB,-4.677766494,456,546,5,32,56,26,23,Away,4.859580071,428,424,2.75,19.25,43.5
327,2018102110,WAS,DAL,DAL,-3.157199064,323,361,2,22,39,19,17,Away,4.210874448999999,346,228,1.25,31.25,32.5,WAS,DAL,WAS,-1.906374653,305,280,0,32,26,19,17,Away,1.262200548,322,285,1.25,25.75,37.75
328,2018102111,SF,LA,LA,7.9341391439999995,339,224,0,36,25,10,39,Home,17.82354775,497,255,1.25,31.0,34.5,SF,LA,SF,-23.16978179,228,229,4,24,34,10,39,Home,0.07023234,405,229,2.5,28.75,39.5
329,2018102200,ATL,NYG,NYG,13.42020156,435,277,0,21,43,23,20,Away,3.971767346,378,276,1.25,18.75,41.0,ATL,NYG,ATL,15.86926823,423,305,1,20,42,23,20,Away,11.65692933,411,373,0.25,21.75,44.0
330,2018102500,HOU,MIA,MIA,-0.499818156,370,404,1,25,40,42,23,Away,-4.045049863,333,265,2.0,22.5,36.25,HOU,MIA,HOU,22.43450792,427,185,0,35,20,42,23,Away,-2.994881553,354,266,1.75,31.75,38.0
331,2018102800,JAX,PHI,PHI,10.79237754,395,242,2,28,34,18,24,Home,7.099357477000001,379,304,1.0,23.75,42.5,JAX,PHI,JAX,4.1521894580000005,335,257,1,17,46,18,24,Home,-11.14178814,367,312,3.25,22.75,45.5
332,2018102801,CAR,BAL,BAL,4.180636384,325,419,3,18,46,36,21,Away,4.321806612,393,381,1.0,28.25,45.25,CAR,BAL,CAR,17.7268003,386,199,0,33,31,36,21,Away,8.382237044,363,279,1.25,26.75,36.25
333,2018102802,CHI,NYJ,NYJ,-3.276942712,207,236,0,24,30,24,10,Away,-4.764869301,331,314,2.0,28.0,34.5,CHI,NYJ,CHI,8.272875362999999,395,266,0,34,31,24,10,Away,8.163056199,429,378,1.75,29.5,37.5
334,2018102803,CIN,TB,TB,8.486728973,578,641,4,27,57,36,34,Away,2.1356405030000003,433,481,3.5,21.5,48.75,CIN,TB,CIN,7.846874887999999,402,309,0,27,36,36,34,Away,2.2598240919999997,313,304,0.75,20.25,39.25
335,2018102804,DET,SEA,SEA,19.02143559,413,187,0,42,19,14,28,Home,7.104881432999999,342,210,0.25,35.5,25.75,DET,SEA,DET,-3.2873388639999996,331,289,3,13,43,14,28,Home,16.96752472,379,199,0.5,29.25,30.5
336,2018102805,KC,DEN,DEN,-0.985667185,411,289,2,31,39,30,23,Away,1.8848318290000001,371,290,1.0,21.75,40.0,KC,DEN,KC,6.203485355,340,245,1,18,36,30,23,Away,18.67464324,466,342,1.25,25.5,40.5
337,2018102806,NYG,WAS,WAS,2.602608908,360,235,1,33,32,13,20,Home,3.0732675769999998,315,274,1.0,28.25,32.0,NYG,WAS,NYG,-6.1410639279999994,303,338,2,14,54,13,20,Home,4.328502399,392,300,1.25,17.25,43.5
338,2018102807,PIT,CLE,CLE,-17.40151437,237,283,1,21,39,33,18,Away,-8.122746271,382,384,1.75,26.25,45.75,PIT,CLE,PIT,8.962852387,421,291,2,31,37,33,18,Away,8.63367519,390,308,1.0,20.75,41.5
339,2018102808,OAK,IND,IND,30.89040482,463,230,0,40,32,28,42,Home,4.394562626,431,375,2.25,24.75,48.5,OAK,IND,OAK,8.216340227,346,198,1,18,28,28,42,Home,-5.535924846,368,256,2.0,23.25,44.25
340,2018102809,ARI,SF,SF,-3.293118377,267,240,0,31,32,18,15,Away,-9.447712947000001,360,218,3.5,27.5,39.25,ARI,SF,ARI,-0.8127623270000001,323,288,2,21,44,18,15,Away,-19.60010361,243,255,2.0,23.0,33.5
341,2018102810,LA,GB,GB,4.468665977,359,257,1,19,33,29,27,Away,1.944072742,451,397,1.25,22.5,49.5,LA,GB,LA,11.50721741,418,406,0,35,42,29,27,Away,15.86018155,451,258,0.75,31.25,31.5
342,2018102811,MIN,NO,NO,9.155158505,270,92,1,29,24,20,29,Home,19.74773912,427,222,0.5,32.75,36.75,MIN,NO,MIN,-3.681087691,420,281,2,22,45,20,29,Home,3.3957115960000004,387,273,1.0,24.0,43.0
343,2018102900,BUF,NE,NE,3.721217822,387,343,0,25,48,6,24,Home,12.6222075,442,280,2.0,32.0,38.25,BUF,NE,BUF,-18.81361378,333,415,2,19,44,6,24,Home,-16.52264944,225,223,2.75,27.0,31.25
344,2018110100,SF,OAK,OAK,-13.19881824,242,113,0,23,32,34,3,Away,-5.086862235,346,247,1.75,19.75,40.75,SF,OAK,SF,17.83766873,405,146,0,32,22,34,3,Away,-7.984862429,335,227,3.0,30.0,37.75
345,2018110400,BAL,PIT,PIT,15.00565664,395,321,0,27,49,16,23,Home,9.719395559,392,314,1.25,23.0,40.5,BAL,PIT,BAL,-0.80782179,265,289,0,16,40,16,23,Home,2.616619675,361,389,1.5,25.25,45.75
346,2018110401,BUF,CHI,CHI,-4.886452961,190,211,1,25,21,9,39,Home,10.76078058,449,360,1.25,30.25,35.75,BUF,CHI,BUF,-41.21061409,264,244,4,28,54,9,39,Home,-15.10923911,272,250,2.5,27.75,32.25
347,2018110402,CAR,TB,TB,1.645446208,301,363,2,21,44,42,28,Away,3.7089237980000003,463,502,3.5,24.25,49.75,CAR,TB,CAR,20.00793278,407,183,0,32,27,42,28,Away,9.966968802,365,275,1.25,24.75,37.75
348,2018110403,CLE,KC,KC,26.69109333,499,216,1,24,34,21,37,Home,16.16159918,440,314,1.5,23.5,38.0,CLE,KC,CLE,5.303533498,388,371,1,25,48,21,37,Home,-11.43214766,319,357,1.0,23.25,44.5
349,2018110404,MIA,NYJ,NYJ,-23.42091197,282,329,4,21,43,12,6,Away,-2.116341585,339,283,2.0,30.5,32.5,MIA,NYJ,MIA,-12.77949286,168,168,0,27,28,12,6,Away,1.054971063,383,302,1.75,24.25,39.5
350,2018110405,MIN,DET,DET,-13.04368284,209,170,1,24,46,23,9,Away,12.887673,358,223,1.0,24.25,32.0,MIN,DET,MIN,1.7011060869999999,283,131,2,23,23,23,9,Away,-1.794570375,380,268,1.25,25.25,40.5
351,2018110406,WAS,ATL,ATL,27.89836982,491,235,1,24,40,14,38,Home,12.39477227,414,372,0.5,21.25,44.5,WAS,ATL,WAS,4.870821781,366,386,1,15,49,14,38,Home,1.1661532890000001,309,282,1.0,27.75,35.0
352,2018110407,DEN,HOU,HOU,1.145772958,290,159,0,33,28,17,19,Home,0.553918656,344,227,1.5,31.75,30.75,DEN,HOU,DEN,0.9604551579999999,348,249,1,20,44,17,19,Home,0.32059397100000003,378,292,1.25,24.0,40.5
353,2018110408,SEA,LAC,LAC,7.790635803,375,288,0,22,29,17,25,Home,10.73702052,393,225,0.5,27.5,29.75,SEA,LAC,SEA,1.177372457,356,234,1,32,43,17,25,Home,10.73939157,371,196,0.25,36.25,23.5
354,2018110409,NO,LA,LA,14.98794697,485,351,1,19,41,45,35,Away,12.42626216,417,282,0.75,35.0,33.25,NO,LA,NO,27.86917652,487,340,1,34,36,45,35,Away,15.47889194,361,177,0.75,33.25,30.25
355,2018110410,NE,GB,GB,3.671484687,367,397,1,25,44,31,17,Away,4.146628536000001,456,378,1.25,23.0,45.5,NE,GB,NE,15.71172131,433,264,0,31,38,31,17,Away,10.83409208,426,296,1.5,28.25,41.5
356,2018110500,DAL,TEN,TEN,6.42672755,340,216,2,36,33,14,28,Home,0.266053395,278,231,1.25,23.5,33.75,DAL,TEN,DAL,-5.611534922000001,297,225,2,19,37,14,28,Home,5.901759726,351,271,1.0,32.0,32.5
357,2018110800,PIT,CAR,CAR,-9.119314605,242,152,2,22,34,51,21,Away,12.69358352,379,242,0.5,25.0,35.5,PIT,CAR,PIT,29.3594745,457,121,0,30,28,51,21,Away,15.59536156,420,311,0.75,27.0,40.5
358,2018111100,CHI,DET,DET,-7.387353151,305,348,3,24,50,34,22,Away,5.057249703,315,208,1.25,25.25,35.25,CHI,DET,CHI,8.304005436,404,339,0,22,32,34,22,Away,1.3541853869999998,376,345,1.5,28.75,34.25
359,2018111101,CIN,NO,NO,35.28752463,509,147,0,47,27,14,51,Home,18.364259,385,198,1.0,33.75,30.5,CIN,NO,CIN,-6.95117221,284,196,2,16,27,14,51,Home,-0.7752829659999999,312,310,0.5,21.25,37.0
360,2018111102,CLE,ATL,ATL,3.90987913,382,248,2,19,55,28,16,Away,14.39966652,413,323,0.75,21.25,43.75,CLE,ATL,CLE,18.33912355,427,164,1,29,21,28,16,Away,-8.682253874,312,348,1.0,22.5,44.5
361,2018111103,GB,MIA,MIA,-9.021624913,294,232,3,23,43,31,12,Away,1.32047256,350,293,1.0,25.5,37.0,GB,MIA,GB,13.2969865,377,193,0,25,30,31,12,Away,4.912706491000001,442,372,1.0,21.25,46.0
362,2018111104,IND,JAX,JAX,14.04316903,415,146,1,34,39,29,26,Away,-11.71966123,325,342,2.75,18.5,46.75,IND,JAX,IND,13.31093829,368,237,1,24,29,29,26,Away,10.89402547,427,302,1.75,30.5,39.5
363,2018111105,KC,ARI,ARI,-6.15072359,260,289,2,25,44,26,14,Away,-17.42967582,258,266,2.25,21.25,37.5,KC,ARI,KC,13.95703683,330,204,0,23,34,26,14,Away,19.88015487,459,279,1.25,22.0,36.75
364,2018111106,NYJ,BUF,BUF,20.14022837,451,318,0,46,27,10,41,Home,-23.24167618,282,272,3.25,24.0,40.5,NYJ,BUF,NYJ,-20.57788278,199,185,2,18,37,10,41,Home,-11.53829848,281,316,2.5,26.25,37.5
365,2018111107,TB,WAS,WAS,6.953789782,286,226,0,25,30,3,16,Home,3.57526307,329,290,0.75,27.0,36.5,TB,WAS,TB,-12.23874622,501,431,4,24,43,3,16,Home,5.297765145,461,501,3.25,25.0,50.25
366,2018111108,TEN,NE,NE,-9.224637062000001,284,351,0,19,46,34,10,Away,10.67493966,425,291,1.0,30.25,40.0,TEN,NE,TEN,15.96546349,385,280,0,36,27,34,10,Away,-0.20708963,264,180,1.5,27.0,30.5
367,2018111109,OAK,LAC,LAC,8.380061899,335,233,1,26,27,6,20,Home,13.40695457,395,231,0.25,26.25,26.75,OAK,LAC,OAK,-5.49588603,317,208,1,22,41,6,20,Home,-7.455179342,265,157,1.25,18.25,33.25
368,2018111110,LA,SEA,SEA,15.83493042,414,217,1,34,30,36,31,Away,12.55015448,377,221,0.5,35.75,27.25,LA,SEA,LA,23.61467641,456,271,0,24,41,36,31,Away,12.0643384,421,302,0.5,32.25,35.25
369,2018111111,PHI,DAL,DAL,11.84192525,410,205,0,28,40,20,27,Home,-0.181727838,322,262,1.5,28.0,34.25,PHI,DAL,PHI,3.177951629,421,379,1,16,46,20,27,Home,7.959790657999999,370,270,1.25,25.25,37.5
370,2018111200,SF,NYG,NYG,2.210659068,277,273,0,23,32,23,27,Home,2.315318527,393,322,1.25,17.0,45.75,SF,NYG,SF,5.480437665,374,276,2,29,39,23,27,Home,-0.067990358,325,199,1.75,29.25,28.25
371,2018111500,SEA,GB,GB,6.694133185,359,347,0,13,35,27,24,Away,8.528862076000001,406,306,0.5,22.5,39.0,SEA,GB,SEA,8.978601692,378,313,1,35,34,27,24,Away,12.27481424,388,215,0.75,36.25,29.0
372,2018111800,ATL,DAL,DAL,6.938681104,323,218,0,29,34,19,22,Home,4.773557322,352,258,1.0,27.75,36.5,ATL,DAL,ATL,6.206319489,354,332,1,18,37,19,22,Home,16.8902921,428,295,1.0,21.25,44.75
373,2018111801,BAL,CIN,CIN,-7.50198692,255,350,0,16,38,24,21,Away,-0.500283838,300,297,0.75,18.75,35.75,BAL,CIN,BAL,0.50285209,400,159,1,54,22,24,21,Away,6.587853689,325,347,1.0,23.0,41.0
374,2018111802,CHI,MIN,MIN,-8.446110102999999,270,371,3,14,50,23,20,Away,-0.9397517470000001,357,246,1.5,25.25,36.75,CHI,MIN,CHI,3.3406340269999997,310,244,3,39,33,23,20,Away,2.366604417,360,345,0.75,26.5,34.0
375,2018111803,DET,CAR,CAR,6.944257601,387,349,1,16,42,20,19,Away,10.53610771,352,204,0.5,26.0,33.5,DET,CAR,DET,11.51011852,309,223,0,26,38,20,19,Away,-0.227510477,325,236,1.75,24.25,40.5
376,2018111804,IND,TEN,TEN,-5.318649268,263,207,2,25,34,38,10,Away,5.644948577,305,205,0.75,29.75,30.25,IND,TEN,IND,22.39480388,397,255,0,28,32,38,10,Away,14.32612203,409,244,1.25,31.25,31.75
377,2018111805,NYG,TB,TB,15.37970694,510,379,4,30,38,37,35,Away,-1.696084383,459,495,3.75,26.0,50.0,NYG,TB,NYG,19.09751986,359,138,0,31,22,37,35,Away,-0.155968794,354,290,0.75,18.75,44.0
378,2018111806,WAS,HOU,HOU,-11.00461011,320,122,3,31,27,21,22,Home,3.78241284,301,194,1.0,32.25,26.5,WAS,HOU,WAS,-16.43958021,278,414,2,29,44,21,22,Home,3.130211455,329,281,0.5,26.25,34.25
379,2018111807,ARI,OAK,OAK,-1.745725762,325,235,0,33,35,21,23,Home,-7.319696071,272,152,1.0,20.5,34.5,ARI,OAK,ARI,-6.2906784579999995,282,137,2,31,21,21,23,Home,-17.36203907,268,269,2.75,21.75,42.0
380,2018111808,LAC,DEN,DEN,4.924651622,325,158,0,20,33,22,23,Home,0.730685018,356,272,1.25,24.75,37.5,LAC,DEN,LAC,9.884626297,479,333,2,26,46,22,23,Home,10.71538096,375,243,0.5,25.0,26.5
381,2018111809,NO,PHI,PHI,-12.76183538,196,315,3,12,36,48,7,Away,8.989528644,384,288,1.0,24.75,39.5,NO,PHI,NO,35.29474742,546,396,0,37,32,48,7,Away,21.12249159,401,195,0.75,37.25,29.5
382,2018111810,JAX,PIT,PIT,-7.6721831410000005,323,387,3,11,50,16,20,Home,18.4079616,439,283,0.5,27.25,40.25,JAX,PIT,JAX,-6.975104255,243,151,1,43,24,16,20,Home,-5.114007942,303,217,1.75,22.75,40.0
383,2018111900,LA,KC,KC,9.587868279,546,467,5,20,49,52,50,Away,18.295642800000003,430,250,0.75,23.5,36.25,LA,KC,LA,9.315238906,455,481,2,21,53,52,50,Away,14.51099498,424,313,0.25,28.5,37.25
384,2018112200,DET,CHI,CHI,-1.2087924620000001,264,280,1,15,43,16,22,Home,3.7577654660000004,324,265,1.0,30.0,29.25,DET,CHI,DET,-9.766768776000001,333,146,2,24,41,16,22,Home,-3.0520640830000003,288,257,1.75,21.75,44.25
385,2018112201,DAL,WAS,WAS,3.1263615319999998,331,324,3,20,41,31,23,Away,-0.503089935,322,315,1.0,25.5,38.75,DAL,WAS,DAL,10.53312859,404,182,0,34,35,31,23,Away,2.5029680919999997,338,252,1.0,24.5,37.5
386,2018112202,NO,ATL,ATL,-3.90157293,366,401,4,16,53,31,17,Away,13.47095917,412,280,1.25,20.25,43.5,NO,ATL,NO,13.59261491,312,276,1,31,24,31,17,Away,26.90165177,453,243,0.5,36.75,29.75
387,2018112500,BAL,OAK,OAK,-9.778001523,249,305,1,19,37,32,17,Away,-3.0560224519999997,307,188,0.5,24.0,34.0,BAL,OAK,BAL,14.83648104,416,200,2,43,26,32,17,Away,3.1807466110000004,335,301,1.0,27.75,37.25
388,2018112501,BUF,JAX,JAX,-1.288071467,333,176,2,39,26,24,21,Away,-1.6302313919999998,313,199,1.5,29.0,38.75,BUF,JAX,BUF,8.939182199,327,336,0,35,19,24,21,Away,-15.11756998,337,296,2.75,28.75,39.5
389,2018112502,CAR,SEA,SEA,18.75392843,397,317,0,28,33,27,30,Home,11.25308504,390,237,0.75,35.75,31.5,CAR,SEA,CAR,12.59730698,476,141,1,27,30,27,30,Home,8.889919017999999,355,220,0.75,25.75,33.5
390,2018112503,CIN,CLE,CLE,14.06507173,342,256,0,35,26,20,35,Home,0.85546301,339,276,0.75,24.5,36.75,CIN,CLE,CIN,-1.791010442,372,381,2,20,47,20,35,Home,-5.368032301,295,283,0.75,19.5,34.0
391,2018112504,IND,MIA,MIA,4.970935079,314,138,1,25,26,27,24,Away,-3.534633022,288,278,1.0,23.5,36.5,IND,MIA,IND,9.043754391,455,300,3,26,39,27,24,Away,21.12067514,401,208,0.25,32.5,29.0
392,2018112505,NYJ,NE,NE,24.48453151,498,297,0,36,31,13,27,Home,4.097327087,371,298,0.75,25.5,42.25,NYJ,NE,NYJ,3.152057762,338,365,1,15,47,13,27,Home,-18.15405942,237,310,2.5,21.75,38.75
393,2018112506,PHI,NYG,NYG,14.31992206,402,337,1,18,40,25,22,Away,7.14682914,343,256,0.5,22.25,37.75,PHI,NYG,PHI,15.44304911,345,159,0,31,31,25,22,Away,2.435229004,338,309,1.75,20.0,39.25
394,2018112507,TB,SF,SF,-2.898139521,342,269,2,24,36,27,9,Away,-0.786198443,318,222,1.5,29.0,31.75,TB,SF,TB,19.85446594,412,372,0,31,39,27,9,Away,3.318283976,472,453,3.5,25.5,45.5
395,2018112508,LAC,ARI,ARI,-20.34251988,149,137,1,24,21,45,10,Away,-13.00594309,272,251,2.75,24.5,38.5,LAC,ARI,LAC,23.911773800000002,414,133,1,30,36,45,10,Away,10.12141552,383,268,0.75,22.5,32.5
396,2018112509,DEN,PIT,PIT,2.184079551,527,409,4,16,60,24,17,Away,11.4139501,399,280,1.25,24.75,41.0,DEN,PIT,DEN,11.69549709,308,294,0,23,30,24,17,Away,1.668392584,348,222,1.0,25.5,35.0
397,2018112510,MIN,GB,GB,-3.8539713360000003,254,289,0,19,32,24,17,Away,7.0328175879999995,365,298,0.5,20.5,35.5,MIN,GB,MIN,8.005035077,416,275,1,29,40,24,17,Away,-2.09113161,322,299,1.75,20.75,39.75
398,2018112600,HOU,TEN,TEN,3.03769949,365,114,1,23,29,34,17,Away,7.556670901,344,213,1.25,32.5,32.25,HOU,TEN,HOU,20.45562504,462,189,0,34,28,34,17,Away,4.282711034,327,171,0.75,34.0,25.0
399,2018112900,DAL,NO,NO,-14.94092469,176,113,1,19,30,13,10,Away,28.01101587,463,289,0.5,37.25,29.75,DAL,NO,DAL,0.484440366,308,188,2,31,35,13,10,Away,5.925550006,358,207,0.5,27.5,36.5
400,2018120200,ATL,BAL,BAL,-2.027252159,366,250,1,49,28,15,25,Home,4.6780369319999995,351,266,1.5,32.75,33.5,ATL,BAL,ATL,-18.86603317,131,311,1,15,31,15,25,Home,8.528248877000001,398,304,2.0,19.25,46.25
401,2018120201,CIN,DEN,DEN,7.769838101,361,135,2,34,23,10,24,Home,4.148734171,348,247,0.75,23.5,36.5,CIN,DEN,CIN,-5.505719407999999,313,201,2,23,41,10,24,Home,-2.099323671,328,309,1.0,19.75,37.0
402,2018120202,DET,LA,LA,10.7465745,344,348,2,29,35,16,30,Home,14.85626992,453,377,0.75,24.75,44.25,DET,LA,DET,-7.31840665,310,279,2,26,38,16,30,Home,-4.6719215610000004,289,221,1.5,24.5,43.75
403,2018120203,GB,ARI,ARI,8.943803356,315,250,0,29,28,17,20,Home,-8.399171065,253,212,1.75,25.25,32.5,GB,ARI,GB,3.983679266,325,424,0,23,51,17,20,Home,4.95215826,339,306,0.25,20.5,35.25
404,2018120204,HOU,CLE,CLE,-6.717322733,428,400,4,9,44,28,13,Away,5.076553602,348,268,0.75,27.5,33.5,HOU,CLE,HOU,15.41929523,384,232,0,39,35,28,13,Away,8.257823951,374,163,0.75,33.25,25.75
405,2018120205,JAX,IND,IND,-18.55818635,265,355,2,16,55,6,0,Away,18.90997534,420,255,1.0,29.5,33.0,JAX,IND,JAX,-14.58665321,211,118,1,27,27,6,0,Away,2.48304569,331,182,1.25,33.25,33.75
406,2018120206,MIA,BUF,BUF,0.334558764,417,518,2,31,36,21,17,Away,-7.736204323,343,328,1.5,32.0,36.0,MIA,BUF,MIA,2.1672165480000003,175,241,2,23,27,21,17,Away,-4.332500213,286,235,1.25,25.0,34.25
407,2018120207,NYG,CHI,CHI,-11.89232197,376,363,3,32,45,29,27,Away,1.38734851,292,268,1.25,25.25,32.25,NYG,CHI,NYG,-2.937128857,338,277,1,29,39,29,27,Away,7.371759265,335,271,0.75,21.5,37.0
408,2018120208,PIT,LAC,LAC,9.99866117,373,241,0,22,39,30,31,Home,12.49177445,400,246,1.0,26.0,34.5,PIT,LAC,PIT,4.948390995,336,376,1,17,46,30,31,Home,9.719256886,425,309,1.75,21.0,46.75
409,2018120209,TB,CAR,CAR,-0.8467426579999999,444,421,4,19,46,24,17,Away,7.607545687999999,378,206,1.0,24.25,33.25,TB,CAR,TB,2.140227112,315,234,1,25,34,24,17,Away,6.160218218,431,386,2.5,26.5,41.0
410,2018120210,OAK,KC,KC,16.39248312,469,450,1,30,38,33,40,Home,14.10987095,428,283,1.75,21.25,38.25,OAK,KC,OAK,6.229143615,442,317,3,29,41,33,40,Home,-7.55460789,283,215,0.5,24.25,36.25
411,2018120211,TEN,NYJ,NYJ,-4.345814037,280,250,1,33,32,26,21,Away,-11.03091992,256,278,1.75,19.5,39.25,TEN,NYJ,TEN,-3.488922565,403,364,1,22,38,26,21,Away,5.027810317,338,204,1.25,30.0,30.75
412,2018120212,NE,MIN,MIN,-10.82296953,278,298,2,13,46,24,10,Away,-0.605264158,347,264,2.0,22.0,39.5,NE,MIN,NE,7.117833103,471,123,1,39,32,24,10,Away,8.673208394,400,313,0.0,27.75,40.75
413,2018120213,SEA,SF,SF,-2.548384862,452,202,2,24,51,43,16,Away,4.281712123999999,347,232,1.0,29.0,32.25,SEA,SF,SEA,26.38341447,331,147,1,29,20,43,16,Away,11.18620825,386,270,0.75,32.25,35.0
414,2018120300,PHI,WAS,WAS,-2.152667531,235,160,1,14,28,28,13,Away,-0.37215177899999996,315,337,1.5,22.25,41.0,PHI,WAS,PHI,12.51174321,438,245,1,33,40,28,13,Away,4.162885725,339,273,1.5,21.75,36.75
415,2018120600,TEN,JAX,JAX,-11.19574206,255,396,1,20,47,32,7,Away,-2.201664977,300,147,1.25,35.75,29.0,TEN,JAX,TEN,15.92565189,426,158,1,32,25,32,7,Away,2.548897788,354,241,1.0,26.5,32.0
416,2018120900,BUF,NYJ,NYJ,6.7747775070000005,248,186,2,28,25,23,27,Home,-11.29813776,274,282,2.0,21.75,39.75,BUF,NYJ,BUF,0.247716928,368,310,3,31,40,23,27,Home,-2.949161188,364,354,1.5,35.0,34.0
417,2018120901,CHI,LA,LA,-23.63917375,214,380,4,13,48,15,6,Away,14.666109200000001,435,362,1.25,23.25,42.5,CHI,LA,CHI,-15.67620338,294,223,3,35,31,15,6,Away,-0.36411874200000005,338,306,1.75,27.0,38.25
418,2018120902,CLE,CAR,CAR,-2.678273819,393,283,1,25,44,26,20,Away,2.393876829,387,265,2.0,21.0,38.0,CLE,CAR,CLE,7.844043452,348,273,2,21,24,26,20,Away,7.74760151,396,297,1.5,24.5,34.75
419,2018120903,GB,ATL,ATL,0.060897834000000005,344,353,2,24,44,33,20,Away,-3.1628518710000004,308,323,2.0,17.0,44.0,GB,ATL,GB,14.03200948,300,273,0,25,36,33,20,Away,5.030206904,328,313,0.0,20.0,37.0
420,2018120904,HOU,IND,IND,10.94523239,436,354,1,23,43,21,24,Home,6.547827552,371,286,1.5,23.5,38.75,HOU,IND,HOU,5.0476672119999995,315,257,0,25,43,21,24,Home,6.504020777000001,364,175,0.75,34.25,29.5
421,2018120905,KC,BAL,BAL,8.820941272999999,321,307,1,40,28,27,24,Away,3.126064796,361,224,1.0,40.5,29.0,KC,BAL,KC,6.347127496000001,442,408,1,27,56,27,24,Away,16.65712039,461,334,1.75,24.25,38.75
422,2018120906,MIA,NE,NE,8.673548175,421,360,0,30,45,34,33,Away,9.522362214,421,258,0.25,31.25,36.75,MIA,NE,MIA,16.13054665,412,197,0,21,24,34,33,Away,-3.6657415369999997,237,194,1.5,24.5,31.0
423,2018120907,TB,NO,NO,2.804201074,300,193,2,31,32,14,28,Home,17.30849057,385,233,0.5,33.5,28.25,TB,NO,TB,-14.6081161,279,473,1,23,42,14,28,Home,6.2839134439999995,434,354,2.25,27.5,38.5
424,2018120908,WAS,NYG,NYG,7.856383561,402,194,1,34,29,16,39,Home,8.172743033,344,256,0.5,25.25,33.25,WAS,NYG,WAS,-12.33121185,292,180,3,22,37,16,39,Home,-2.128024107,282,281,1.5,22.0,35.75
425,2018120909,LAC,CIN,CIN,1.70259752,295,163,0,32,32,26,21,Away,-5.437472245,306,282,1.5,18.75,38.25,LAC,CIN,LAC,7.683892215,288,238,0,25,31,26,21,Away,13.04378079,400,235,1.0,26.0,37.0
426,2018120910,SF,DEN,DEN,-8.433601513,274,219,0,27,44,20,14,Away,6.3376104920000005,335,209,0.75,24.25,32.5,SF,DEN,SF,-2.7780650760000003,389,219,1,30,36,20,14,Away,4.467895502,393,223,1.5,27.25,37.0
427,2018120911,ARI,DET,DET,-5.349671831,218,149,1,31,24,3,16,Home,-3.240602514,314,249,1.75,25.0,41.75,ARI,DET,ARI,-14.53616503,279,380,1,21,44,3,16,Home,-5.960029644,251,203,1.25,27.25,28.5
428,2018120912,DAL,PHI,PHI,1.4452512380000002,256,276,1,14,34,29,23,Away,4.592727142,350,274,1.25,23.0,38.25,DAL,PHI,DAL,10.79106142,576,429,3,36,57,29,23,Away,7.4495438279999995,361,198,0.5,30.5,36.0
429,2018120913,OAK,PIT,PIT,5.844307005,340,181,1,19,39,24,21,Away,7.204940476,410,323,2.0,18.5,46.0,OAK,PIT,OAK,10.24971789,354,301,1,25,38,24,21,Away,-2.697617425,333,266,1.25,25.75,38.5
430,2018121000,SEA,MIN,MIN,-18.57730411,276,246,1,21,35,20,7,Away,-2.390734616,311,268,2.0,19.75,39.75,SEA,MIN,SEA,-1.0647437579999999,276,200,1,42,23,20,7,Away,17.48771875,380,248,0.75,31.5,29.25
431,2018121300,KC,LAC,LAC,8.258041999,409,324,2,24,44,28,29,Home,12.86973837,388,236,0.75,25.75,38.0,KC,LAC,KC,14.647434900000002,294,210,0,17,36,28,29,Home,11.57112893,446,382,1.75,25.0,44.25
432,2018121500,NYJ,HOU,HOU,7.578853137,286,264,0,17,34,22,29,Home,7.4794943410000005,370,200,0.75,32.25,33.25,NYJ,HOU,NYJ,-3.2804761989999998,318,408,1,31,41,22,29,Home,-3.749215387,266,246,1.5,23.5,35.25
433,2018121501,DEN,CLE,CLE,-2.3862433,309,314,2,28,33,16,17,Home,8.382728998,386,273,1.75,23.5,28.75,DEN,CLE,DEN,-5.9607037410000006,270,290,2,20,50,16,17,Home,3.989096325,317,201,0.5,26.0,32.5
434,2018121600,ATL,ARI,ARI,-14.76095551,253,214,3,22,43,39,14,Away,-8.056390003999999,256,226,1.0,26.25,28.5,ATL,ARI,ATL,13.92673563,435,247,0,27,39,39,14,Away,-4.125097195,298,349,2.0,18.25,41.25
435,2018121601,BAL,TB,TB,-7.038914844,241,260,2,22,26,20,12,Away,5.691570973999999,379,364,1.5,27.25,38.25,BAL,TB,BAL,5.97440756,370,137,1,49,25,20,12,Away,5.533255562000001,375,229,1.25,46.5,26.0
436,2018121602,BUF,DET,DET,0.18350786600000002,313,197,0,26,30,14,13,Away,-2.7311821839999997,292,199,1.25,26.75,35.25,BUF,DET,BUF,-0.9398060840000001,312,413,0,37,27,14,13,Away,7.415421566,390,370,1.25,35.75,30.5
437,2018121603,CHI,GB,GB,-2.511544641,325,461,1,19,48,24,17,Away,5.21396265,309,333,0.0,20.0,38.5,CHI,GB,CHI,4.17814129,332,198,1,29,29,24,17,Away,-6.359170945,311,277,2.5,30.25,38.0
438,2018121604,CIN,OAK,OAK,-11.39314387,297,316,2,16,43,30,16,Away,1.238783555,342,289,1.25,26.5,37.75,CIN,OAK,CIN,4.870848474,294,337,1,41,34,30,16,Away,-3.2740298130000003,308,273,1.0,22.75,39.5
439,2018121605,IND,DAL,DAL,-12.47650696,292,265,1,22,42,23,0,Away,7.186827871,402,254,1.25,32.5,40.25,IND,DAL,IND,11.68224924,370,223,1,39,27,23,0,Away,5.956401078,388,316,1.5,23.25,42.25
440,2018121606,JAX,WAS,WAS,-6.8454651339999995,245,197,0,33,28,12,16,Home,-6.949274514,284,269,2.25,21.25,37.5,JAX,WAS,JAX,-9.883880109,192,88,2,26,23,12,16,Home,-8.511392747999999,260,210,1.25,32.25,31.0
441,2018121607,MIN,MIA,MIA,-22.11145883,193,231,0,20,33,41,16,Away,3.56176834,298,202,1.5,23.0,30.0,MIN,MIA,MIN,8.46453108,418,144,1,40,23,41,16,Away,-7.4603371670000005,310,297,1.75,19.25,42.75
442,2018121608,NYG,TEN,TEN,3.393856875,301,130,0,45,22,0,17,Home,2.538944888,364,210,1.25,25.5,31.5,NYG,TEN,NYG,-15.11232076,260,347,2,16,47,0,17,Home,9.584174156,375,236,0.75,28.0,32.5
443,2018121609,SF,SEA,SEA,9.844026438,378,211,0,35,34,26,23,Away,13.26280021,345,244,0.75,33.5,27.5,SF,SEA,SF,8.503952836,351,233,1,26,32,26,23,Away,-0.686037949,389,241,1.75,26.75,40.5
444,2018121610,PIT,NE,NE,3.266057651,368,334,1,19,37,17,10,Away,7.76281893,418,282,0.25,31.0,38.5,PIT,NE,PIT,7.737567728999999,376,369,2,25,36,17,10,Away,1.326148603,381,338,2.25,15.75,48.75
445,2018121611,LA,PHI,PHI,9.406296322000001,381,234,2,30,31,23,30,Home,4.159552044,308,248,1.25,22.5,35.25,LA,PHI,LA,1.8492835619999999,407,356,2,18,56,23,30,Home,5.009329017,367,370,2.0,21.75,44.25
446,2018121700,CAR,NO,NO,-1.809620765,346,214,2,32,38,7,12,Home,9.187659679,333,244,1.0,29.5,29.5,CAR,NO,CAR,-6.490876376,247,168,2,23,34,7,12,Home,4.004137026,425,298,1.75,21.75,40.5
447,2018122200,TEN,WAS,WAS,3.2723928669999998,292,271,2,34,25,25,16,Away,-4.550745745,275,215,1.75,22.25,33.5,TEN,WAS,TEN,7.32079807,291,185,0,27,28,25,16,Away,4.717071423999999,373,191,0.75,30.5,28.5
448,2018122201,LAC,BAL,BAL,-7.570079778999999,361,188,1,35,25,10,22,Home,6.9011444289999995,368,223,1.25,45.25,26.75,LAC,BAL,LAC,-19.23726751,198,222,3,16,41,10,22,Home,12.463092300000001,371,234,0.75,25.25,37.5
449,2018122300,IND,NYG,NYG,18.09428903,392,224,1,29,33,28,27,Away,1.0317140009999999,350,288,1.25,24.25,38.75,IND,NYG,IND,18.51373711,402,414,1,16,48,28,27,Away,3.278262419,381,308,1.75,26.0,41.0
450,2018122302,MIA,JAX,JAX,-2.918906315,244,153,1,32,30,7,16,Home,-9.238586711,247,194,1.5,28.0,30.75,MIA,JAX,MIA,-19.00756887,183,102,2,18,25,7,16,Home,0.289309861,273,201,0.75,22.25,27.5
451,2018122304,CAR,ATL,ATL,6.709170092999999,427,285,2,21,27,10,24,Home,-2.194993159,319,328,1.75,20.5,41.75,CAR,ATL,CAR,-9.951918108,436,445,4,25,59,10,24,Home,0.645353531,390,253,2.0,23.5,38.5
452,2018122305,CLE,CIN,CIN,5.1908742210000005,211,134,0,24,23,26,18,Away,-0.18082096399999997,318,270,1.25,29.0,38.5,CLE,CIN,CLE,21.05895602,493,298,0,28,38,26,18,Away,3.2013872869999997,356,310,2.0,23.25,31.75
453,2018122306,DAL,TB,TB,-8.353300045,383,482,2,24,51,26,20,Away,0.08691552699999999,311,334,1.0,25.25,35.25,DAL,TB,DAL,4.132110344,232,113,0,24,26,26,20,Away,2.333030856,395,266,1.5,30.75,42.25
454,2018122307,DET,MIN,MIN,5.0783399330000005,340,308,0,28,30,9,27,Home,-3.2326768710000002,347,240,1.25,25.75,36.0,DET,MIN,DET,-16.19229393,223,306,0,23,46,9,27,Home,-5.562834848,293,192,1.25,26.75,33.25
455,2018122308,NE,BUF,BUF,-26.92657454,289,460,3,18,42,24,12,Away,2.145412952,356,394,1.25,33.5,30.5,NE,BUF,NE,-12.2574844,390,112,3,47,26,24,12,Away,10.88549261,439,278,0.5,31.0,36.25
456,2018122309,NYJ,GB,GB,22.98003016,542,383,1,21,59,38,44,Home,2.9125431930000003,301,361,0.25,21.5,41.75,NYJ,GB,NYJ,22.25073392,370,371,0,20,37,38,44,Home,0.575136258,296,302,1.25,26.75,36.25
457,2018122310,PHI,HOU,HOU,10.13150872,371,418,1,19,44,32,30,Away,12.12536015,361,235,0.0,28.75,35.0,PHI,HOU,PHI,12.11457745,519,351,3,22,52,32,30,Away,9.701584968999999,355,228,1.0,27.0,34.0
458,2018122311,ARI,LA,LA,20.58848067,461,185,1,41,26,9,31,Home,-0.432019196,355,391,2.5,20.25,48.0,ARI,LA,ARI,-2.7507181960000002,263,289,0,18,35,9,31,Home,-10.17395927,249,245,1.25,24.0,34.0
459,2018122312,SF,CHI,CHI,-0.932902507,325,179,2,28,32,9,14,Home,-6.14979413,316,266,2.0,27.75,37.0,SF,CHI,SF,-3.083026643,279,299,1,15,39,9,14,Home,0.069840844,383,230,1.5,26.0,38.75
460,2018122313,NO,PIT,PIT,6.221688036000001,431,461,2,18,54,31,28,Away,5.17858632,394,333,2.0,19.25,45.25,NO,PIT,NO,7.563960159,370,370,1,19,42,31,28,Away,-0.088432367,283,199,1.5,28.25,31.0
461,2018122314,SEA,KC,KC,17.19378891,421,395,2,20,41,38,31,Away,11.74372845,437,383,1.75,23.5,44.75,SEA,KC,SEA,18.34098721,464,349,0,43,32,38,31,Away,13.47915639,345,218,0.5,33.5,27.5
462,2018122400,OAK,DEN,DEN,-7.754328275,300,343,2,24,38,26,14,Away,1.267757484,303,234,1.0,26.0,36.75,OAK,DEN,OAK,6.88519734,273,170,0,30,27,26,14,Away,-1.173070972,335,309,1.75,22.25,39.75
