game_id,home_team,away_team,posteam,Total_EPA,Total_Yards_Gained,Air_Yards,Turnovers,Total_Rush_Attempts,Total_Pass_Attempts,total_away_score,total_home_score,Winner,MA_EPA,MA_yards_gained,MA_air_yards,MA_turnovers,MA_rush_attempts,MA_pass_attempts
2019091500,BAL,ARI,BAL,12.4231978,440,396,0,33,39,17,23,Home,51.70629528,643,262,1,46,27
2019092901,BAL,CLE,BAL,2.973149528,397,268,3,30,38,40,25,Away,26.90258597,511,380,0.333333333,37.66666667,37.66666667
2019092201,DAL,MIA,DAL,15.35636902,476,413,1,34,33,6,31,Home,25.08517704,484,279,0.5,32,31.5
2019120100,BAL,SF,BAL,5.084819615,283,197,1,38,24,17,20,Home,23.35343427,428,187,0.5,37.25,25
2019091510,OAK,KC,OAK,-8.554246517,307,252,2,19,41,28,10,Away,21.65667664,357,214,0,28,26
2019092204,KC,BAL,KC,20.16658865,503,326,0,25,38,28,33,Home,20.6869135,479,368,0.5,24,40
2019091504,HOU,JAX,HOU,2.178176213,263,371,0,30,33,12,13,Home,19.78946649,414,325,1,23,36
2019091509,WAS,DAL,WAS,8.239253497,255,224,0,17,38,31,21,Away,16.30110795,398,324,0,13,45
2019100612,KC,IND,KC,-3.051329702,324,463,1,14,43,19,13,Away,16.03078272,474,391,1,24.5,40
2019121200,BAL,NYJ,BAL,18.64355704,432,267,0,35,25,21,42,Home,15.57195277,377,186,0.5,39,25.75
2019111705,MIN,DEN,MIN,5.120757862,321,281,2,18,41,23,27,Home,15.14627991,398,225,0.25,34.5,33.75
2019111700,BAL,HOU,BAL,23.79016594,491,210,0,37,27,7,41,Home,14.98664036,394,200,0.75,35.5,25.5
2019121507,TEN,HOU,TEN,8.425716378,432,383,1,28,39,24,21,Away,14.48997189,422,212,1.5,30.5,24.25
2019100611,DAL,GB,DAL,0.59732274,563,470,3,21,47,34,24,Away,14.48208596,425,321,1.25,29.5,32.5
2019102000,ATL,LA,ATL,-12.6178992,224,272,2,15,38,37,10,Away,14.0959809,409,361,1,20.5,44.75
2019102400,MIN,WAS,MIN,10.03372556,434,95,1,38,29,9,19,Home,13.80274841,415,293,1.25,30.5,34.25
2019122210,TEN,NO,TEN,4.404186728,397,241,1,26,32,38,28,Away,13.69607403,436,245,1.5,30.75,28.25
2019121600,NO,IND,NO,20.82112588,424,202,0,33,30,7,34,Home,13.64752439,372,243,0.75,23,37.5
2019092206,NE,NYJ,NE,-0.763126287,381,305,1,27,46,14,30,Home,13.16742214,422,272,0.5,32,34
2019092300,WAS,CHI,WAS,-13.4466912,356,251,5,21,49,31,15,Away,12.27018072,326,274,0,15,41.5
2019110700,OAK,LAC,OAK,0.295521742,278,183,0,21,34,24,26,Home,12.17633791,427,239,1,32.25,31.25
2019111003,GB,CAR,GB,11.48186964,388,338,0,27,31,16,24,Home,11.76941356,372,294,0.5,22.5,37
2019111004,NO,ATL,NO,-6.920171782,310,277,0,11,52,26,9,Away,11.74539747,429,245,0.5,30.25,39.25
2019092905,IND,OAK,IND,1.750875864,346,484,2,23,46,31,24,Away,11.7287634,348,168,1,30.66666667,32.66666667
2019111709,OAK,CIN,OAK,1.870251526,386,186,2,34,32,10,17,Home,11.40988621,397,260,0.5,27.75,31.75
2019092904,HOU,CAR,HOU,-13.59669554,264,314,2,22,40,16,10,Away,11.25055466,351,320,0.666666667,24,35
2019110307,OAK,DET,OAK,14.61200338,450,263,0,36,32,24,31,Home,11.0984377,409,217,1.25,31.25,31.25
2019121512,SF,ATL,SF,0.669144929,313,135,3,27,35,29,22,Away,10.99893617,407,185,1,23.5,33.25
2019102704,HOU,OAK,HOU,20.93880482,388,266,0,32,42,24,27,Home,10.87510716,430,309,1.75,30.25,38.25
2019100610,LAC,DEN,LAC,-24.9046216,246,212,3,16,48,20,13,Away,10.54094411,403,328,1,24.25,39.5
2019101300,TB,CAR,TB,-6.115786043,411,596,7,15,62,37,26,Away,10.30944968,376,353,0.5,28.75,36.25
2019091506,NYG,BUF,NYG,-0.588809021,370,359,2,20,46,28,14,Away,10.19973223,470,314,2,17,49
2019122900,BAL,PIT,BAL,0.152024522,304,135,2,44,24,10,28,Home,10.1300784,363,214,0.75,36.5,26.5
2019102004,GB,OAK,GB,31.72323822,481,268,0,23,32,24,42,Home,10.03924357,396,313,1,25.25,39.75
2019091511,DEN,CHI,DEN,5.558106842,374,251,1,24,53,16,14,Away,9.68249724,344,243,0,23,34
2019122102,SF,LA,SF,4.273123548,334,207,2,23,33,31,34,Home,9.662711231,374,164,1.25,25.5,30
2019102703,DET,NYG,DET,7.979266027,375,390,2,25,36,26,31,Home,9.62488299,366,353,1,25.75,38.25
2019102010,SEA,BAL,SEA,-14.22735626,347,459,2,26,42,30,16,Away,9.389524862,434,326,1,33.75,35.75
2019120801,BUF,BAL,BUF,-13.26945031,211,400,1,23,46,24,17,Away,9.338096853,387,275,0.25,33.75,32.5
2019102710,IND,DEN,IND,1.606492298,318,205,1,31,29,13,15,Home,8.567744756,359,285,1,29.5,38.5
2019110308,SEA,TB,SEA,12.31874451,494,346,1,22,47,34,40,Home,8.427313711,388,300,1,35.25,31.25
2019122908,KC,LAC,KC,19.68236596,336,142,1,23,25,21,31,Home,8.322858457,344,262,0.75,28,36
2019101400,GB,DET,GB,0.528805248,447,376,2,29,40,22,23,Home,8.277357443,368,284,1,26.25,38.75
2019091508,TEN,IND,TEN,-5.130819904,243,149,0,24,32,19,17,Away,8.225943901,339,145,0,28,28
2019101304,KC,HOU,KC,0.993111512,309,350,2,11,36,31,24,Away,8.163034035,433,462,1.25,21.5,42.25
2019100606,PHI,NYJ,PHI,-2.308147773,265,202,0,29,30,6,31,Home,7.997573678,357,339,1.25,29.25,39.5
2019092210,LAC,HOU,LAC,6.079715603,366,471,1,18,51,27,20,Away,7.901617212,429,306,1.5,23,37.5
2019112405,NO,CAR,NO,18.39904529,418,374,2,18,41,31,34,Home,7.893626867,393,240,0.25,25.75,42.5
2019091900,JAX,TEN,JAX,2.844267294,292,213,1,20,30,7,20,Home,7.859666586,354,215,1.5,19,36
2019122914,LA,ARI,LA,9.793369,424,352,0,33,46,24,31,Home,7.76555308,422,282,1,26,44.75
2019103100,ARI,SF,ARI,15.18629311,359,104,0,23,28,28,25,Away,7.677882913,359,223,0,29,32.75
2019092912,NO,DAL,NO,-1.711438126,266,195,1,27,35,10,12,Home,7.635256308,339,213,0.666666667,21.66666667,36
2019092207,PHI,DET,PHI,-5.878043868,373,405,2,30,39,27,24,Away,7.380581775,363,387,1.5,27,46
2019120105,KC,OAK,KC,8.353320704,259,259,0,29,30,9,38,Home,7.336211288,388,292,1,22.5,41
2019102707,NO,ARI,NO,15.94814789,510,228,1,29,43,9,31,Home,7.330500967,368,237,0.5,29.75,37.25
2019101301,BAL,CIN,BAL,19.69881334,497,253,1,43,34,17,23,Home,7.16098717,391,340,1.5,34.25,39.25
2019120806,NO,SF,NO,19.58800793,465,250,1,28,42,48,46,Away,7.020479459,333,249,0.5,18.75,40
2019122100,TB,HOU,TB,-15.36394835,435,623,5,21,51,23,20,Away,6.630817278,449,374,2,30.5,39.75
2019111010,DAL,MIN,DAL,12.63030345,443,567,1,22,48,28,24,Away,6.607913719,448,349,1.5,30.25,38.5
2019092212,SF,PIT,SF,-4.83939096,436,266,5,40,33,20,24,Home,6.589002573,414,171,1.5,37,27.5
2019111702,DET,DAL,DET,8.293870052,312,257,0,28,30,35,27,Away,6.543921264,409,386,1.5,22.75,43.75
2019092907,NYG,WAS,NYG,4.441413256,389,167,4,37,31,3,24,Home,6.361675712,408,342,2,18.66666667,45.66666667
2019110311,BAL,NE,BAL,12.64185435,372,117,1,41,24,20,37,Home,6.299179294,377,234,1.75,37,31.5
2019101308,LA,SF,LA,-26.41785715,157,155,1,22,28,20,7,Away,6.272473487,429,368,2.5,21,47.75
2019122911,NYG,PHI,NYG,-12.57978618,397,521,2,21,51,34,17,Away,6.164680626,388,299,1.5,26.5,35.5
2019101303,JAX,NO,JAX,-10.89456681,226,220,1,24,31,13,6,Away,6.024059299,383,293,1.25,27.75,37.75
2019092203,IND,ATL,IND,23.34197918,379,206,0,24,38,24,27,Home,5.922155516,333,149,1.5,34,30
2019100604,NYG,MIN,NYG,-10.09459626,211,385,1,20,42,28,10,Away,5.881610098,403,298,2.5,23.25,42
2019102003,DET,MIN,DET,19.32310742,433,386,1,20,48,42,30,Away,5.826558135,343,334,1.25,27.75,33.75
2019121504,KC,DEN,KC,10.52827909,421,329,1,25,39,3,23,Home,5.709779989,361,288,1,27.5,39.25
2019100605,OAK,CHI,OAK,3.361328568,398,99,2,39,32,21,24,Home,5.703385217,335,213,1,24.75,34.25
2019102005,IND,HOU,IND,8.885654769,383,302,1,26,41,23,30,Home,5.525129941,336,244,1.25,31.5,36
2019112401,BUF,DEN,BUF,7.343614498,424,187,1,47,26,3,20,Home,5.361069639,322,301,0.5,28.25,33.75
2019100603,NO,TB,NO,17.0596945,457,260,1,31,36,24,31,Home,5.2985827,321,209,0.75,23,35.75
2019092903,DET,KC,DET,2.875913552,447,407,2,35,38,34,30,Away,5.249610968,367,374,1,29.33333333,36.66666667
2019122904,DAL,WAS,DAL,19.39423932,517,206,1,36,36,16,47,Home,5.247942288,405,353,0.75,25.5,43.5
2019091502,DET,LAC,DET,4.129808001,339,310,2,28,30,10,13,Home,5.241084576,477,518,1,32,48
2019120805,MIN,DET,MIN,3.60798418,354,214,0,39,31,7,20,Home,5.202745739,332,243,1.25,23.75,37.75
2019092911,DEN,JAX,DEN,6.344760603,371,299,1,16,38,26,24,Away,5.096890637,342,205,1,28.33333333,40.33333333
2019122206,CLE,BAL,CLE,-3.443973317,241,293,1,19,35,31,15,Away,5.042423467,368,291,1.75,26.5,35.75
2019100602,HOU,ATL,HOU,38.12080902,592,286,0,34,33,32,53,Home,5.038742108,329,318,1,23.5,36.25
2019101306,MIN,PHI,MIN,12.67001184,447,374,2,35,30,20,38,Home,4.941384674,379,213,1.75,28.75,31.75
2019092900,ATL,TEN,ATL,-6.96265303,422,468,1,17,58,24,10,Away,4.932829568,369,350,2.333333333,18,43.33333333
2019122213,SEA,ARI,SEA,-11.70946332,224,317,1,20,36,27,13,Away,4.904447644,382,335,1.5,31,33.5
2019100300,SEA,LA,SEA,14.39341718,429,259,1,43,25,29,30,Home,4.8770293,377,304,1.5,27.75,36.25
2019112801,DAL,BUF,DAL,-1.958230378,428,331,2,19,54,26,15,Away,4.595433436,426,391,1.25,25.75,40.75
2019112408,TEN,JAX,TEN,22.69853789,471,137,2,33,19,20,42,Home,4.394172078,363,276,1.5,24.5,33.75
2019102700,ATL,SEA,ATL,5.13570308,512,352,3,17,56,27,20,Away,4.23738785,366,356,1.25,19.25,45.75
2019120111,HOU,NE,HOU,14.79788855,276,195,0,23,29,22,28,Home,4.224332318,356,274,1,27.5,34.75
2019102011,DAL,PHI,DAL,16.82552585,402,225,1,36,30,10,37,Home,4.10666343,423,385,1.75,27.25,39
2019092211,SEA,NO,SEA,-0.216409154,514,552,2,26,50,33,27,Away,4.081643334,328,226,2,29,31.5
2019121513,LAC,MIN,LAC,-24.23307151,345,339,7,19,42,39,10,Away,3.999527824,409,317,2,27,37.75
2019092208,ARI,CAR,ARI,-1.015689318,248,242,2,22,51,38,20,Away,3.806712155,370,439,1,17,52
2019122906,HOU,TEN,HOU,3.758525143,301,308,1,25,40,35,14,Away,3.596256987,323,279,1.75,26.5,36.75
2019122913,DEN,OAK,DEN,2.073980354,238,229,1,27,30,15,16,Home,3.526035274,302,205,1,25,33
2019110306,PIT,IND,PIT,-4.828416649,273,192,2,25,36,24,26,Home,3.457922511,311,229,1.25,27.25,30.25
2019102009,CHI,NO,CHI,-8.889055318,254,338,2,7,57,36,25,Away,3.415201058,269,197,0.75,25.75,32.25
2019122300,MIN,GB,MIN,-21.55320236,139,251,1,16,37,23,10,Away,3.414891179,343,239,1.5,27,33.75
2019111001,CIN,BAL,CIN,-20.00877715,307,225,3,40,32,49,13,Away,3.24341736,328,300,1.25,19.75,45.5
2019102705,JAX,NYJ,JAX,4.471678557,389,223,1,34,36,15,29,Home,3.238395724,412,289,1,34.25,37.5
2019101307,ARI,ATL,ARI,23.81329688,442,246,0,29,37,33,34,Home,3.202345802,358,242,0.75,23.5,41
2019092909,LA,TB,LA,2.150066134,518,472,4,11,71,54,40,Away,3.113693347,357,287,1.666666667,28.66666667,37
2019111100,SF,SEA,SF,-29.90974557,304,374,3,27,52,27,24,Away,3.104055055,353,177,1,37.25,30.5
2019122212,PHI,DAL,PHI,1.889805442,431,203,0,30,41,9,17,Home,3.075629174,391,327,2,25.75,48.75
2019122915,SEA,SF,SEA,11.8497859,348,267,0,30,41,26,21,Away,2.845761326,351,318,1.25,29.5,34.75
2019100700,SF,CLE,SF,12.27472583,446,181,1,40,31,3,31,Home,2.779538062,421,203,2.666666667,38,29.33333333
2019120804,HOU,DEN,HOU,1.128850309,414,434,3,22,53,38,24,Away,2.689103249,328,256,1,25.25,31.5
2019112100,HOU,IND,HOU,11.24875959,396,423,1,24,31,17,20,Home,2.610255724,355,235,1.25,27.5,36.25
2019121503,GB,CHI,GB,-5.90997394,292,293,0,24,34,13,21,Home,2.583074827,312,267,0.5,27.25,34.75
2019112802,ATL,NO,ATL,-18.39522576,348,345,3,26,60,26,18,Away,2.58206938,378,358,1.5,24,47.5
2019120108,ARI,LA,ARI,-19.75768888,198,175,1,21,40,34,7,Away,2.406229488,319,269,1,19.25,37.5
2019120200,SEA,MIN,SEA,10.2078573,444,247,2,43,33,30,37,Home,2.3620725,375,280,1.75,28.75,34.75
2019111706,TB,NO,TB,-11.58324733,334,463,4,8,53,34,17,Away,2.336502212,419,485,3.75,24.25,52
2019112500,LA,BAL,LA,-9.167202822,221,312,2,9,39,45,6,Away,2.288897093,360,288,1.75,29.75,33.25
2019092200,BUF,CIN,BUF,-3.178138195,418,302,2,36,38,17,21,Home,2.209550731,379,296,2,29.5,35.5
2019092908,ARI,SEA,ARI,-3.547931061,321,168,1,23,36,27,10,Away,2.199244997,329,373,1.333333333,18.66666667,51.66666667
2019122910,NE,MIA,NE,5.319943649,352,308,2,27,30,27,24,Away,2.018036775,358,268,1,29.75,39
2019112410,SF,GB,SF,12.53284975,339,121,0,22,23,8,37,Home,1.903259502,386,243,1.5,28.75,41
2019122208,MIA,CIN,MIA,11.14933751,502,507,1,34,54,35,38,Home,1.812118474,359,331,1.25,22.75,42.75
2019100608,TEN,BUF,TEN,-13.17387248,252,96,0,27,27,14,7,Away,1.550841097,321,214,0,28,34
2019120808,TB,IND,TB,5.488840562,542,409,4,28,50,35,38,Home,1.540766527,388,381,2.5,24.75,42.5
2019122205,ATL,JAX,ATL,10.4930901,518,391,2,27,46,12,24,Home,1.512774761,359,352,1.25,24.5,49.5
2019101309,DEN,TEN,DEN,-2.882019456,270,216,1,30,29,0,16,Home,1.45337032,351,200,1.5,27.5,37
2019111800,LAC,KC,LAC,-7.528058915,440,412,4,19,55,24,17,Away,1.320256532,338,330,1.25,25.25,33.75
2019120803,GB,WAS,GB,5.744145024,341,219,1,28,32,15,20,Home,1.156247908,274,287,0.25,23.25,36.25
2019122211,WAS,NYG,WAS,14.84365291,361,309,0,26,41,41,35,Away,1.115430845,301,261,1,26.25,31
2019111006,TB,ARI,TB,11.08530345,457,440,3,26,52,27,30,Home,1.113415306,368,433,3,23.25,47.25
2019102706,LA,CIN,LA,21.72577255,470,321,0,26,31,10,24,Home,1.070080389,383,353,2,22,46.5
2019122201,LAC,OAK,LAC,2.141618428,284,208,0,16,40,24,17,Away,0.916841335,417,303,3,24.25,39.25
2019092205,MIN,OAK,MIN,17.43702549,385,100,0,38,21,14,34,Home,0.897302045,345,193,2,32.5,22
2019111008,IND,MIA,IND,-20.21911844,300,401,3,29,40,16,12,Away,0.765303942,340,209,1.5,32.75,34
2019121511,DAL,LA,DAL,32.49567662,475,137,0,45,23,21,44,Home,0.755881767,417,370,1,23,46.25
2019110300,JAX,HOU,JAX,-16.58640434,356,381,4,15,51,26,3,Away,0.673990927,396,258,1.25,33.25,37
2019110303,KC,MIN,KC,8.909682875,377,292,1,18,40,23,26,Home,0.631288004,310,296,1,18,37
2019092902,BUF,NE,BUF,-21.98475031,375,513,4,22,49,16,10,Away,0.413654422,392,298,2,31.66666667,36.33333333
2019112400,ATL,TB,ATL,-3.914209504,337,531,2,19,62,35,22,Away,0.406146956,350,293,1.5,23,41.5
2019112409,NE,DAL,NE,-11.88291282,282,385,0,27,39,9,13,Home,0.237819518,320,287,1.25,25.25,45.25
2019120810,ARI,PIT,ARI,-12.9296953,236,209,3,22,35,23,17,Away,0.191593533,310,240,1.25,21.75,38
2019111009,PIT,LA,PIT,-19.03644751,273,250,2,27,41,12,17,Home,0.141684582,298,257,1.5,27.25,31.5
2019102712,KC,GB,KC,4.55680388,337,200,1,20,38,31,24,Away,0.137765842,335,371,1.5,19.25,38
2019122912,TB,ATL,TB,-16.11707769,331,258,3,22,25,28,21,Away,-0.026429144,446,459,2.75,27.25,45.5
2019120807,NYJ,MIA,NYJ,1.162522453,374,391,1,32,37,21,22,Home,-0.044452072,340,284,0.5,27.25,36.5
2019101000,NE,NYG,NE,-8.738463722,427,280,2,34,44,14,35,Home,-0.075402153,356,299,1,28,40.5
2019122214,CHI,KC,CHI,-9.726025137,234,275,0,22,37,26,3,Away,-0.155576931,387,356,2,27.5,42.75
2019120802,CLE,CIN,CLE,9.112987356,333,230,2,27,25,19,27,Home,-0.263778989,351,302,0.75,29.25,36.75
2019101311,LAC,PIT,LAC,-5.840497746,348,481,3,14,45,24,17,Away,-0.266317078,356,323,1.5,23,42
2019120101,CAR,WAS,CAR,-6.799080428,278,418,2,20,53,29,21,Away,-0.476307274,367,331,1.75,25,44.5
2019102702,CHI,LAC,CHI,-9.467030896,388,308,2,38,39,17,16,Away,-0.56334787,264,228,1.25,20.25,39.75
2019101700,DEN,KC,DEN,-27.52437548,205,314,1,22,43,30,6,Away,-0.656661255,325,191,1.5,29,31
2019112800,DET,CHI,DET,3.723594362,364,349,1,27,40,24,20,Away,-0.68471358,376,331,1.75,26.5,40
2019120811,NE,KC,NE,-20.1293106,278,257,1,23,40,23,16,Away,-0.874084441,343,388,1,24,46.75
2019091512,LA,NO,LA,10.01417227,380,200,1,30,31,9,27,Home,-1.271741809,349,273,1,32,40
2019102701,BUF,PHI,BUF,-5.984282614,253,317,2,20,38,31,13,Away,-1.341107858,353,306,1.75,27.25,37.75
2019102800,PIT,MIA,PIT,5.155645915,394,479,1,29,38,14,27,Home,-1.368253764,272,148,1.5,25.5,28
2019111708,SF,ARI,SF,6.01404468,442,222,2,19,48,26,36,Home,-1.388110033,346,234,1.25,33.75,34.75
2019122903,CIN,CLE,CIN,13.28242783,361,242,1,39,29,23,33,Home,-1.657005244,369,340,1.5,28.5,43
2019092600,GB,PHI,GB,16.74613743,491,374,2,20,54,34,27,Away,-1.711609919,286,272,0.666666667,26,33.33333333
2019120103,IND,TEN,IND,-15.14077451,391,322,3,24,43,31,17,Away,-1.949067722,328,245,1.75,33.25,32.5
2019111400,CLE,PIT,CLE,-13.99629268,293,264,0,35,33,7,21,Home,-1.976736628,359,262,1.75,25.25,39.5
2019092910,CHI,MIN,CHI,2.598538756,269,205,0,33,34,6,16,Home,-1.977780778,275,250,0.666666667,22.66666667,37
2019122209,NYJ,PIT,NYJ,-8.639395424,259,222,1,32,28,10,16,Home,-2.002384117,339,302,0.75,25.75,38.25
2019110301,BUF,WAS,BUF,9.965367002,268,201,0,39,22,9,24,Home,-2.042643963,312,310,1.75,23.25,37.75
2019101302,CLE,SEA,CLE,0.764428067,408,353,4,24,38,32,28,Away,-2.071013641,338,267,1.5,23,34.5
2019100600,CAR,JAX,CAR,8.986638761,445,176,0,27,34,27,34,Home,-2.235202226,351,321,2,25.25,40
2019111710,PHI,NE,PHI,-10.06300584,255,405,1,21,45,17,10,Away,-2.316200121,357,280,1.75,31.75,35.5
2019111701,CAR,ATL,CAR,-23.6991593,347,324,4,15,55,29,3,Away,-2.39611668,317,346,1.75,26.25,40
2019100609,WAS,NE,WAS,-17.04582113,223,177,2,20,33,33,7,Away,-2.436878018,296,263,2.25,17,40.75
2019122200,DEN,DET,DEN,9.543361482,348,216,0,33,34,17,27,Home,-2.623872225,248,188,1.25,21,31.75
2019121502,DET,TB,DET,-12.50382825,295,354,3,18,45,38,17,Away,-2.670882943,317,292,1.75,27.25,38.5
2019122901,BUF,NYJ,BUF,-16.70749738,309,306,3,20,41,13,6,Away,-2.847252684,274,294,0.75,29.5,32.75
2019102709,SF,CAR,SF,13.71270675,388,117,1,38,26,13,51,Home,-2.914295951,374,194,2.25,40,30.5
2019112406,NYJ,OAK,NYJ,9.025242989,401,215,0,30,30,3,34,Home,-3.102969335,306,267,1.5,24.25,36.25
2019102711,NE,CLE,NE,-0.65515036,318,253,0,27,39,13,27,Home,-3.212600663,354,282,1.5,29.5,43.75
2019110305,PHI,CHI,PHI,1.4134102,373,303,0,35,43,14,22,Home,-3.246589614,330,255,1.75,30.25,32.25
2019122909,MIN,CHI,MIN,0.951371586,300,132,3,26,21,21,19,Away,-3.253598875,297,231,1.25,26.5,32.75
2019120104,JAX,TB,JAX,-27.06754263,244,214,4,17,47,26,11,Away,-3.280433307,356,351,2,21.25,47.5
2019120900,PHI,NYG,PHI,0.938572488,418,314,1,32,53,17,23,Home,-3.286190916,340,373,1.75,24.75,46.25
2019120800,ATL,CAR,ATL,19.61801683,461,322,0,32,35,20,40,Home,-3.300662829,337,356,1.5,26.25,48.5
2019122101,NE,BUF,NE,9.637248111,416,167,1,35,34,17,24,Home,-3.362003459,324,323,0.75,27.75,40.25
2019091501,CIN,SF,CIN,-5.564585458,316,315,1,19,46,41,17,Away,-3.454075693,429,381,2,14,56
2019111711,LA,CHI,LA,-3.424796047,283,158,2,34,18,7,17,Home,-3.459368183,328,287,1.5,26.75,35.75
2019111704,MIA,BUF,MIA,-6.090630375,303,300,1,13,53,37,20,Away,-3.562783272,289,287,2,24.75,37.5
2019102708,TEN,TB,TEN,-2.258149264,246,337,1,21,36,23,27,Home,-3.81778068,306,189,1,27.75,31.75
2019100607,PIT,BAL,PIT,-3.135110134,269,268,2,19,32,26,23,Away,-4.200439685,283,240,1.25,19,36
2019091600,NYJ,CLE,NYJ,-20.04582827,262,165,1,24,35,23,3,Away,-4.21793161,225,223,1,21,46
2019120106,MIA,PHI,MIA,16.51122991,411,352,1,20,45,31,37,Home,-4.230928285,283,286,1.25,20.75,43
2019111007,TEN,KC,TEN,11.60130782,373,251,1,27,23,32,35,Home,-4.267881436,321,293,2,23,38.25
2019112411,PHI,SEA,PHI,-18.03774323,344,280,5,24,48,17,9,Away,-4.32118293,321,288,1.25,31.5,36
2019102001,BUF,MIA,BUF,21.22979151,307,272,0,24,28,21,31,Home,-4.333583968,373,305,1.75,29.75,39
2019120109,DEN,LAC,DEN,-1.578503206,218,184,2,25,28,20,23,Home,-4.338563655,277,212,0.75,24.5,32.25
2019111703,IND,JAX,IND,16.07220054,389,219,1,36,27,13,31,Home,-4.362592971,332,272,2,28.75,36.75
2019102002,CIN,JAX,CIN,-11.06329662,291,301,4,20,45,27,17,Away,-4.475685059,275,240,1.75,18.75,40.75
2019111000,CHI,DET,CHI,-6.247449299,226,221,0,24,28,13,20,Home,-5.267896626,260,270,1.75,20,38.5
2019110304,MIA,NYJ,MIA,4.605975462,316,343,0,24,40,18,26,Home,-5.405955573,278,258,2.25,22,38
2019110302,CAR,TEN,CAR,8.291291491,370,399,1,33,35,20,30,Home,-5.545182847,310,270,1.75,26,37.25
2019121508,WAS,PHI,WAS,7.117758368,352,196,1,22,29,37,27,Away,-5.547771892,270,276,1,25.75,34.5
2019091200,CAR,TB,CAR,-12.14112891,352,555,1,19,54,20,14,Away,-5.666049607,343,238,3,23,41
2019112404,CLE,MIA,CLE,14.65824828,467,284,1,32,35,24,41,Home,-5.666916814,330,239,0.75,28,38.25
2019121500,CAR,SEA,CAR,6.782127583,414,245,3,29,43,30,24,Away,-6.107992277,330,342,2.5,21.5,48.75
2019120813,LA,SEA,LA,9.453617745,455,305,2,35,32,12,28,Home,-6.25661818,339,248,2,24,37.25
2019122902,CAR,NO,CAR,-15.90671964,329,373,3,18,51,42,10,Away,-6.333069204,330,364,3,23,48
2019122905,DET,GB,DET,-2.199229676,305,278,1,25,31,23,20,Away,-6.425186808,270,305,1.5,22,39.5
2019091505,MIA,NE,MIA,-38.15406825,184,478,4,15,46,43,0,Away,-6.458803045,200,419,2,12,35
2019122207,IND,CAR,IND,9.904287525,324,289,0,32,30,6,38,Home,-6.609632411,300,292,1,25.5,35.5
2019121509,ARI,CLE,ARI,21.37523869,445,167,1,35,25,24,38,Home,-6.837403571,279,267,2,21.5,39.75
2019120500,CHI,DAL,CHI,7.317513809,382,199,2,34,33,24,31,Home,-7.108986141,311,315,1,24.25,40
2019092202,GB,DEN,GB,9.810616827,312,258,0,23,29,16,27,Home,-7.472723292,274,279,1,27.5,35.5
2019102006,NYG,ARI,NYG,-12.40347219,263,265,3,22,43,27,21,Away,-7.564422075,299,298,2.75,23,36.75
2019110310,LAC,GB,LAC,16.74208626,442,238,0,38,30,11,26,Home,-7.575963482,297,344,2,15.75,40.5
2019121501,CIN,NE,CIN,-14.49638766,315,228,4,32,31,34,13,Away,-7.778098069,304,222,1.25,24.75,36.25
2019121505,NYG,MIA,NYG,8.157926806,412,292,3,33,30,20,36,Home,-7.788483186,279,251,1.5,21.25,38.5
2019122907,JAX,IND,JAX,18.95248195,355,216,1,24,43,20,38,Home,-8.045804889,261,225,1.25,21.5,38.5
2019111002,CLE,BUF,CLE,4.510478148,368,261,0,26,40,16,19,Home,-8.082581172,312,258,2.5,23.25,36.5
2019102008,TEN,LAC,TEN,12.73367768,403,212,1,29,32,20,23,Home,-8.27813458,290,244,0.75,27,36
2019121510,OAK,JAX,OAK,4.68988561,364,237,0,32,40,20,16,Away,-8.294524077,320,200,2,26.25,33.75
2019093000,PIT,CIN,PIT,8.436535067,326,80,1,25,31,3,27,Home,-8.412764602,269,294,1.333333333,17,37.66666667
2019091503,GB,MIN,GB,-6.518739269,335,259,2,33,36,16,21,Home,-8.426707314,213,300,0,22,35
2019120812,OAK,TEN,OAK,1.460245916,355,247,1,24,36,42,21,Away,-8.58570512,301,184,1.75,25.5,33.25
2019112403,CIN,PIT,CIN,-16.31992003,244,142,2,21,30,16,10,Away,-8.850580955,311,289,2.25,26,42.5
2019111707,WAS,NYJ,WAS,-19.53505258,227,257,1,20,43,34,17,Away,-9.002932969,231,138,0.75,24.5,22.75
2019111005,NYJ,NYG,NYJ,0.802374752,294,255,0,29,32,27,34,Home,-9.388288557,268,291,2.5,18.75,37
2019120107,NYG,GB,NYG,-5.385348793,335,273,3,27,37,31,13,Away,-9.523778453,291,254,1.75,21,44
2019120102,CIN,NYJ,CIN,0.790515289,277,258,0,25,38,6,22,Home,-10.16473681,299,249,1.75,26.25,38.75
2019092209,TB,NYG,TB,12.2055422,499,482,1,32,41,32,31,Away,-10.2763227,292,310,2,28.5,33.5
2019092213,CLE,LA,CLE,-8.17110034,270,253,1,24,39,20,13,Away,-10.50054402,360,340,2,20.5,40.5
2019100601,CIN,ARI,CIN,10.86789021,370,174,0,23,39,26,23,Away,-10.77778976,306,296,2.25,17.75,46.25
2019120809,JAX,LAC,JAX,-7.785148813,252,207,0,23,40,45,10,Away,-11.1652386,319,349,2.75,17,50.25
2019110309,DEN,CLE,DEN,4.815630241,302,181,1,20,23,19,24,Home,-11.19224412,276,206,1,28,32.5
2019121506,PIT,BUF,PIT,-18.7298023,229,338,5,14,42,17,10,Away,-11.31920862,293,248,2,30.25,30.5
2019112402,CHI,NYG,CHI,-8.605013017,335,354,2,26,43,14,19,Home,-11.55214318,261,276,1,26,35.25
2019112407,WAS,DET,WAS,-3.129596473,230,391,2,24,33,16,19,Home,-12.56941019,210,147,1,21.25,27.25
2019091513,ATL,PHI,ATL,1.583553535,367,399,3,17,44,20,24,Home,-13.60153783,345,360,3,17,52
2019102007,WAS,SF,WAS,-17.08230785,154,49,1,26,15,9,0,Away,-14.15070959,266,226,2.75,22.75,34.5
2019091507,PIT,SEA,PIT,3.178676709,261,261,1,16,36,28,26,Away,-14.26791134,308,465,1,13,48
2019110400,NYG,DAL,NYG,-14.73739922,271,240,3,22,46,37,18,Away,-14.37858912,264,311,2.25,20.5,40.5
2019102100,NYJ,NE,NYJ,-32.7124447,154,398,5,20,33,33,0,Away,-15.51231728,219,175,2,20.75,33.25
2019120110,PIT,CLE,PIT,1.711761004,323,253,1,32,22,13,20,Home,-16.64221826,280,272,2.25,26.5,38.75
2019101305,MIA,WAS,MIA,-7.142091996,271,266,2,21,49,17,16,Away,-18.705698,225,355,2,17.25,38.5
2019101310,NYJ,DAL,NYJ,10.46797369,382,265,1,20,34,22,24,Home,-19.18379361,180,165,2,21,36.25
2019092906,MIA,LAC,MIA,-9.107599854,233,134,1,18,29,30,10,Away,-21.90506405,222,428,2.333333333,17,41.66666667
