game_id,Home or Away,Total EPA,Total Yards Gained,Air Yards,Turnovers,Total Rush Attempts,Total Pass Attempts,total_away_score,total_home_score,Winning Team
2019090500,0,-8.426707314,213,300,0,22,35,10,3,1
2019090500,1,-15.39337466,254,378,1,15,50,10,3,0
2019090800,1,-5.666049607,343,238,3,23,41,30,27,0
2019090800,0,-1.271741809,349,273,1,32,40,30,27,1
2019090801,0,8.225943901,339,145,0,28,28,43,13,1
2019090801,1,-19.00658678,346,337,3,20,43,43,13,0
2019090802,0,28.41966504,491,180,0,26,34,40,26,1
2019090802,1,12.74931272,428,219,2,16,35,40,26,0
2019090803,0,51.70629528,643,262,1,46,27,59,10,1
2019090803,1,-6.458803045,200,419,2,12,35,59,10,0
2019090804,0,-13.60153783,345,360,3,17,52,12,28,0
2019090804,1,10.41340258,269,51,0,38,11,12,28,1
2019090805,0,-4.840785608,370,324,4,25,38,17,16,1
2019090805,1,-4.21793161,225,223,1,21,46,17,16,0
2019090806,0,16.30110795,398,324,0,13,45,27,32,0
2019090806,1,19.79620149,438,343,0,32,40,27,32,1
2019090807,0,15.12911552,378,158,1,34,29,24,30,0
2019090807,1,18.32442315,435,234,1,21,38,24,30,1
2019090808,1,1.023978016,232,197,2,25,24,20,21,1
2019090808,0,-3.454075693,429,381,2,14,56,20,21,0
2019090809,1,5.727791661,389,567,2,23,60,27,27,0
2019090809,0,5.241084576,477,518,1,32,48,27,27,0
2019090810,0,10.19973223,470,314,2,17,49,17,35,0
2019090810,1,29.24474764,494,301,0,30,32,17,35,1
2019090811,0,-9.841253958,258,156,2,32,29,31,17,1
2019090811,1,-21.60230802,295,315,4,26,39,31,17,0
2019090812,0,-14.26791134,308,465,1,13,48,3,33,0
2019090812,1,20.5506723,465,280,0,29,38,3,33,1
2019090900,1,21.87557144,510,295,1,21,44,28,30,1
2019090900,0,19.78946649,414,325,1,23,36,28,30,0
2019090901,0,9.68249724,344,243,0,23,34,16,24,0
2019090901,1,21.65667664,357,214,0,28,26,16,24,1
2019091200,1,-12.14112891,352,555,1,19,54,20,14,0
2019091200,0,1.049662625,289,305,0,31,28,20,14,1
2019091500,1,12.4231978,440,396,0,33,39,17,23,1
2019091500,0,1.885632648,351,312,0,11,44,17,23,0
2019091501,0,23.0192591,571,187,1,42,26,41,17,1
2019091501,1,-5.564585458,316,315,1,19,46,41,17,0
2019091502,1,4.129808001,339,310,2,28,30,10,13,1
2019091502,0,-2.521188721,424,378,2,25,37,10,13,0
2019091503,1,-6.518739269,335,259,2,33,36,16,21,1
2019091503,0,-8.61879849,421,335,4,27,33,16,21,0
2019091504,1,2.178176213,263,371,0,30,33,12,13,1
2019091504,0,2.970020448,281,212,1,22,37,12,13,0
2019091505,1,-38.15406825,184,478,4,15,46,43,0,0
2019091505,0,5.78417198,379,264,1,35,30,43,0,1
2019091506,1,-0.588809021,370,359,2,20,46,28,14,0
2019091506,0,9.259887069,388,269,0,34,33,28,14,1
2019091507,0,7.139308651,425,256,2,33,39,28,26,1
2019091507,1,3.178676709,261,261,1,16,36,28,26,0
2019091508,0,-3.28480449,288,140,2,34,31,19,17,1
2019091508,1,-5.130819904,243,149,0,24,32,19,17,0
2019091509,1,8.239253497,255,224,0,17,38,31,21,0
2019091509,0,20.92560644,474,257,1,34,31,31,21,1
2019091510,0,12.95416196,467,557,1,22,46,28,10,1
2019091510,1,-8.554246517,307,252,2,19,41,28,10,0
2019091511,0,7.025140393,273,212,0,29,27,16,14,1
2019091511,1,5.558106842,374,251,1,24,53,16,14,0
2019091512,0,-8.265264516,244,251,1,20,37,9,27,0
2019091512,1,10.01417227,380,200,1,30,31,9,27,1
2019091513,1,1.583553535,367,399,3,17,44,20,24,1
2019091513,0,-5.035037942,288,432,3,22,52,20,24,0
2019091600,0,-1.994501259,375,344,1,21,38,23,3,1
2019091600,1,-20.04582827,262,165,1,24,35,23,3,0
2019091900,0,-5.107737918,340,431,0,26,49,7,20,0
2019091900,1,2.844267294,292,213,1,20,30,7,20,1
2019092200,0,-9.432133272,306,285,4,19,38,17,21,0
2019092200,1,-3.178138195,418,302,2,36,38,17,21,1
2019092201,0,-21.10232085,283,389,1,24,44,6,31,0
2019092201,1,15.35636902,476,413,1,34,33,6,31,1
2019092202,0,0.050067828,310,122,2,38,34,16,27,0
2019092202,1,9.810616827,312,258,0,23,29,16,27,1
2019092203,0,26.816473,397,292,1,20,34,24,27,0
2019092203,1,23.34197918,379,206,0,24,38,24,27,1
2019092204,0,16.57826484,452,483,0,34,47,28,33,0
2019092204,1,20.16658865,503,326,0,25,38,28,33,1
2019092205,1,17.43702549,385,100,0,38,21,14,34,1
2019092205,0,-0.589291759,302,211,1,20,38,14,34,0
2019092206,1,-0.763126287,381,305,1,27,46,14,30,1
2019092206,0,-20.29475927,105,145,2,20,27,14,30,0
2019092207,0,6.377940327,287,294,0,28,32,27,24,1
2019092207,1,-5.878043868,373,405,2,30,39,27,24,0
2019092208,1,-1.015689318,248,242,2,22,51,38,20,0
2019092208,0,18.46763422,413,215,1,31,28,38,20,1
2019092209,0,9.474103931,386,353,2,19,42,32,31,1
2019092209,1,12.2055422,499,482,1,32,41,32,31,0
2019092210,0,11.78402127,376,265,1,19,36,27,20,1
2019092210,1,6.079715603,366,471,1,18,51,27,20,0
2019092211,0,9.295462002,265,95,0,24,27,33,27,1
2019092211,1,-0.216409154,514,552,2,26,50,33,27,0
2019092212,0,-14.14905918,239,156,2,22,29,20,24,0
2019092212,1,-4.83939096,436,266,5,40,33,20,24,1
2019092213,1,-8.17110034,270,253,1,24,39,20,13,0
2019092213,0,0.598649581,344,390,3,24,40,20,13,1
2019092300,1,-13.4466912,356,251,5,21,49,31,15,0
2019092300,0,2.434891933,298,162,1,24,34,31,15,1
2019092600,0,23.10717503,330,178,0,33,27,34,27,1
2019092600,1,16.74613743,491,374,2,20,54,34,27,0
2019092900,0,8.21597831,365,131,0,34,27,24,10,1
2019092900,1,-6.96265303,422,468,1,17,58,24,10,0
2019092901,0,21.79444706,530,225,1,29,33,40,25,1
2019092901,1,2.973149528,397,268,3,30,38,40,25,0
2019092902,1,-21.98475031,375,513,4,22,49,16,10,0
2019092902,0,-18.45559904,224,298,1,23,39,16,10,1
2019092903,0,2.582715233,438,502,3,25,42,34,30,1
2019092903,1,2.875913552,447,407,2,35,38,34,30,0
2019092904,0,-9.601264604,297,278,3,28,37,16,10,1
2019092904,1,-13.59669554,264,314,2,22,40,16,10,0
2019092905,0,10.3004025,377,176,1,32,32,31,24,1
2019092905,1,1.750875864,346,484,2,23,46,31,24,0
2019092906,1,-9.107599854,233,134,1,18,29,30,10,0
2019092906,0,20.2808264,390,232,0,33,32,30,10,1
2019092907,0,-20.84118231,176,256,4,17,31,3,24,0
2019092907,1,4.441413256,389,167,4,37,31,3,24,1
2019092908,1,-3.547931061,321,168,1,23,36,27,10,0
2019092908,0,11.56123969,340,213,0,27,32,27,10,1
2019092909,1,2.150066134,518,472,4,11,71,54,40,0
2019092909,0,21.78963808,464,393,1,30,43,54,40,1
2019092910,0,-10.50440285,222,203,2,16,43,6,16,0
2019092910,1,2.598538756,269,205,0,33,34,6,16,1
2019092911,0,14.72929775,455,346,0,38,38,26,24,1
2019092911,1,6.344760603,371,299,1,16,38,26,24,0
2019092912,1,-1.711438126,266,195,1,27,35,10,12,1
2019092912,0,-7.598379261,257,316,3,20,34,10,12,0
2019093000,1,8.436535067,326,80,1,25,31,3,27,1
2019093000,0,-24.6603646,175,205,2,19,45,3,27,0
2019100300,0,12.32700596,477,411,2,19,49,29,30,0
2019100300,1,14.39341718,429,259,1,43,25,29,30,1
2019100600,1,8.986638761,445,176,0,27,34,27,34,1
2019100600,0,3.552651709,507,404,3,31,46,27,34,0
2019100601,0,15.48737094,514,247,0,38,33,26,23,1
2019100601,1,10.86789021,370,174,0,23,39,26,23,0
2019100602,1,38.12080902,592,286,0,34,33,32,53,1
2019100602,0,13.19638335,375,366,2,20,49,32,53,0
2019100603,1,17.0596945,457,260,1,31,36,24,31,1
2019100603,0,6.192955822,252,233,0,22,33,24,31,0
2019100604,0,21.45171454,490,217,1,34,30,28,10,1
2019100604,1,-10.09459626,211,385,1,20,42,28,10,0
2019100605,0,1.602233149,236,210,2,17,34,21,24,0
2019100605,1,3.361328568,398,99,2,39,32,21,24,1
2019100606,1,-2.308147773,265,202,0,29,30,6,31,1
2019100606,0,-32.17665527,128,128,4,19,37,6,31,0
2019100607,1,-3.135110134,269,268,2,19,32,26,23,0
2019100607,0,-3.33066348,277,216,3,40,33,26,23,1
2019100608,1,-13.17387248,252,96,0,27,27,14,7,0
2019100608,0,-1.431334437,313,139,1,27,36,14,7,1
2019100609,1,-17.04582113,223,177,2,20,33,33,7,0
2019100609,0,13.13294474,442,329,1,27,47,33,7,1
2019100610,0,-6.139453994,350,128,2,32,23,20,13,1
2019100610,1,-24.9046216,246,212,3,16,48,20,13,0
2019100611,0,13.07141479,335,247,0,29,36,34,24,1
2019100611,1,0.59732274,563,470,3,21,47,34,24,0
2019100612,0,0.292469211,331,148,1,45,29,19,13,1
2019100612,1,-3.051329702,324,463,1,14,43,19,13,0
2019100700,0,-19.91290003,180,247,3,18,28,3,31,0
2019100700,1,12.27472583,446,181,1,40,31,3,31,1
2019101000,0,-34.07860923,213,290,4,16,32,14,35,0
2019101000,1,-8.738463722,427,280,2,34,44,14,35,1
2019101300,1,-6.115786043,411,596,7,15,62,37,26,0
2019101300,0,7.824353956,268,303,1,29,34,37,26,1
2019101301,1,19.69881334,497,253,1,43,34,17,23,1
2019101301,0,5.321867435,250,298,1,14,41,17,23,0
2019101302,0,11.81985174,454,280,1,39,36,32,28,1
2019101302,1,0.764428067,408,353,4,24,38,32,28,0
2019101303,0,3.694399355,326,213,0,26,39,13,6,1
2019101303,1,-10.89456681,226,220,1,24,31,13,6,0
2019101304,1,0.993111512,309,350,2,11,36,31,24,0
2019101304,0,14.18386193,474,369,3,41,43,31,24,1
2019101305,1,-7.142091996,271,266,2,21,49,17,16,0
2019101305,0,-5.269143698,311,222,0,33,25,17,16,1
2019101306,1,12.67001184,447,374,2,35,30,20,38,1
2019101306,0,-2.0430746,400,375,3,22,43,20,38,0
2019101307,0,23.33372028,444,319,0,25,38,33,34,0
2019101307,1,23.81329688,442,246,0,29,37,33,34,1
2019101308,1,-26.41785715,157,155,1,22,28,20,7,0
2019101308,0,-11.94108522,331,145,2,41,35,20,7,1
2019101309,1,-2.882019456,270,216,1,30,29,0,16,1
2019101309,0,-23.04690623,204,320,3,21,41,0,16,0
2019101310,0,8.071341224,399,341,0,34,42,22,24,0
2019101310,1,10.46797369,382,265,1,20,34,22,24,1
2019101311,1,-5.840497746,348,481,3,14,45,24,17,0
2019101311,0,3.374619194,256,91,1,36,20,24,17,1
2019101400,1,0.528805248,447,376,2,29,40,22,23,1
2019101400,0,9.922570658,299,328,1,20,35,22,23,0
2019101700,0,0.026566326,271,172,0,27,31,30,6,1
2019101700,1,-27.52437548,205,314,1,22,43,30,6,0
2019102000,0,16.22110661,381,376,1,36,38,37,10,1
2019102000,1,-12.6178992,224,272,2,15,38,37,10,0
2019102001,0,6.280419021,381,335,2,30,36,21,31,0
2019102001,1,21.22979151,307,272,0,24,28,21,31,1
2019102002,1,-11.06329662,291,301,4,20,45,27,17,0
2019102002,0,5.56620025,462,186,0,44,35,27,17,1
2019102003,0,31.5936701,504,379,0,37,34,42,30,1
2019102003,1,19.32310742,433,386,1,20,48,42,30,0
2019102004,1,31.72323822,481,268,0,23,32,24,42,1
2019102004,0,14.76437937,484,318,2,31,31,24,42,0
2019102005,0,4.792453217,391,268,2,24,37,23,30,0
2019102005,1,8.885654769,383,302,1,26,41,23,30,1
2019102006,0,2.310008904,245,112,0,38,23,27,21,1
2019102006,1,-12.40347219,263,265,3,22,43,27,21,0
2019102007,0,-7.151433461,283,187,1,39,23,9,0,1
2019102007,1,-17.08230785,154,49,1,26,15,9,0,0
2019102008,1,12.73367768,403,212,1,29,32,20,23,1
2019102008,0,6.373708758,365,426,1,21,39,20,23,0
2019102009,1,-8.889055318,254,338,2,7,57,36,25,0
2019102009,0,10.27934814,424,282,0,35,39,36,25,1
2019102010,1,-14.22735626,347,459,2,26,42,30,16,0
2019102010,0,5.85541779,340,201,0,35,21,30,16,1
2019102011,1,16.82552585,402,225,1,36,30,10,37,1
2019102011,0,-17.0503374,283,323,4,28,29,10,37,0
2019102100,0,1.210715377,323,223,2,34,45,33,0,1
2019102100,1,-32.7124447,154,398,5,20,33,33,0,0
2019102400,1,10.03372556,434,95,1,38,29,9,19,1
2019102400,0,-6.260880942,216,139,2,16,25,9,19,0
2019102700,1,5.13570308,512,352,3,17,56,27,20,0
2019102700,0,21.72334219,322,202,0,33,22,27,20,1
2019102701,1,-5.984282614,253,317,2,20,38,31,13,0
2019102701,0,8.415201312,373,121,0,42,27,31,13,1
2019102702,1,-9.467030896,388,308,2,38,39,17,16,0
2019102702,0,-5.932443342,231,259,1,12,30,17,16,1
2019102703,1,7.979266027,375,390,2,25,36,26,31,1
2019102703,0,-0.93767881,370,307,1,24,45,26,31,0
2019102704,1,20.93880482,388,266,0,32,42,24,27,1
2019102704,0,15.96764034,378,278,0,23,30,24,27,0
2019102705,1,4.471678557,389,223,1,34,36,15,29,1
2019102705,0,-11.81651564,215,233,3,14,39,15,29,0
2019102706,0,7.847208424,401,429,0,22,57,10,24,0
2019102706,1,21.72577255,470,321,0,26,31,10,24,1
2019102707,0,-10.89914507,237,289,0,11,38,9,31,0
2019102707,1,15.94814789,510,228,1,29,43,9,31,1
2019102708,0,-4.432290153,391,458,4,30,48,23,27,0
2019102708,1,-2.258149264,246,337,1,21,36,23,27,1
2019102709,1,13.71270675,388,117,1,38,26,13,51,1
2019102709,0,-29.3904595,232,326,3,20,44,13,51,0
2019102710,0,-8.223127558,279,167,0,28,35,13,15,0
2019102710,1,1.606492298,318,205,1,31,29,13,15,1
2019102711,1,-0.65515036,318,253,0,27,39,13,27,1
2019102711,0,-11.9020736,310,252,3,22,36,13,27,0
2019102712,1,4.55680388,337,200,1,20,38,31,24,0
2019102712,0,14.78877343,374,236,0,26,38,31,24,1
2019102800,0,-11.65454946,230,299,4,19,38,14,27,0
2019102800,1,5.155645915,394,479,1,29,38,14,27,1
2019103100,1,15.18629311,359,104,0,23,28,28,25,0
2019103100,0,17.79603215,411,261,0,31,38,28,25,1
2019110300,0,9.664581983,410,181,1,34,29,26,3,1
2019110300,1,-16.58640434,356,381,4,15,51,26,3,0
2019110301,1,9.965367002,268,201,0,39,22,9,24,1
2019110301,0,-7.399399386,243,144,0,23,26,9,24,0
2019110302,1,8.291291491,370,399,1,33,35,20,30,1
2019110302,0,-4.500147929,431,304,3,21,44,20,30,0
2019110303,1,8.909682875,377,292,1,18,40,23,26,1
2019110303,0,2.53716805,289,240,0,27,38,23,26,0
2019110304,1,4.605975462,316,343,0,24,40,18,26,1
2019110304,0,-3.492167584,321,269,1,21,42,18,26,0
2019110305,0,-4.317733437,164,225,1,18,24,14,22,0
2019110305,1,1.4134102,373,303,0,35,43,14,22,1
2019110306,0,-7.723400509,328,182,3,29,37,24,26,0
2019110306,1,-4.828416649,273,192,2,25,36,24,26,1
2019110307,1,14.61200338,450,263,0,36,32,24,31,1
2019110307,0,6.800861835,473,464,2,19,43,24,31,0
2019110308,0,8.808781598,418,448,1,26,46,34,40,0
2019110308,1,12.31874451,494,346,1,22,47,34,40,1
2019110309,1,4.815630241,302,181,1,20,23,19,24,1
2019110309,0,-1.279779127,351,182,0,29,44,19,24,0
2019110310,1,16.74208626,442,238,0,38,30,11,26,1
2019110310,0,0.036837347,186,299,0,12,38,11,26,0
2019110311,0,0.15607233,342,338,3,17,48,20,37,0
2019110311,1,12.64185435,372,117,1,41,24,20,37,1
2019110400,0,0.937465061,429,360,2,30,35,37,18,1
2019110400,1,-14.73739922,271,240,3,22,46,37,18,0
2019110700,0,-11.90232555,315,397,3,30,36,24,26,0
2019110700,1,0.295521742,278,183,0,21,34,24,26,1
2019111000,1,-6.247449299,226,221,0,24,28,13,20,1
2019111000,0,-7.92755023,357,307,1,27,48,13,20,0
2019111001,0,21.75047597,370,231,1,23,23,49,13,1
2019111001,1,-20.00877715,307,225,3,40,32,49,13,0
2019111002,0,-0.504219616,344,403,0,20,42,16,19,0
2019111002,1,4.510478148,368,261,0,26,40,16,19,1
2019111003,1,11.48186964,388,338,0,27,31,16,24,1
2019111003,0,3.690347335,401,358,2,23,47,16,24,0
2019111004,1,-6.920171782,310,277,0,11,52,26,9,0
2019111004,0,4.4366549,317,260,1,34,36,26,9,1
2019111005,1,0.802374752,294,255,0,29,32,27,34,1
2019111005,0,-6.576979026,283,240,2,17,48,27,34,0
2019111006,0,8.570837422,417,560,2,18,47,27,30,0
2019111006,1,11.08530345,457,440,3,26,52,27,30,1
2019111007,1,11.60130782,373,251,1,27,23,32,35,1
2019111007,0,10.67399259,530,422,1,25,53,32,35,0
2019111008,0,-13.48297811,229,173,2,26,36,16,12,1
2019111008,1,-20.21911844,300,401,3,29,40,16,12,0
2019111009,1,-19.03644751,273,250,2,27,41,12,17,1
2019111009,0,-25.36649474,306,298,4,23,46,12,17,0
2019111010,1,12.63030345,443,567,1,22,48,28,24,0
2019111010,0,16.42055594,366,188,0,36,34,28,24,1
2019111100,0,-21.11907866,336,185,4,34,39,27,24,1
2019111100,1,-29.90974557,304,374,3,27,52,27,24,0
2019111400,1,-13.99629268,293,264,0,35,33,7,21,1
2019111400,0,-37.15149275,236,436,4,16,48,7,21,0
2019111700,1,23.79016594,491,210,0,37,27,7,41,1
2019111700,0,-24.95481713,232,227,2,20,37,7,41,0
2019111701,0,4.670129042,349,290,0,26,36,29,3,1
2019111701,1,-23.6991593,347,324,4,15,55,29,3,0
2019111702,0,19.49792592,511,454,1,25,47,35,27,1
2019111702,1,8.293870052,312,257,0,28,30,35,27,0
2019111703,1,16.07220054,389,219,1,36,27,13,31,1
2019111703,0,-0.448442883,308,423,2,9,50,13,31,0
2019111704,1,-6.090630375,303,300,1,13,53,37,20,0
2019111704,0,17.96741378,424,283,0,34,33,37,20,1
2019111705,1,5.120757862,321,281,2,18,41,23,27,1
2019111705,0,1.109511211,394,355,1,33,42,23,27,0
2019111706,0,12.26718322,328,175,0,28,36,34,17,1
2019111706,1,-11.58324733,334,463,4,8,53,34,17,0
2019111707,0,2.09443113,394,313,2,33,32,34,17,1
2019111707,1,-19.53505258,227,257,1,20,43,34,17,0
2019111708,1,6.01404468,442,222,2,19,48,26,36,1
2019111708,0,-3.233067518,266,124,2,25,37,26,36,0
2019111709,1,1.870251526,386,186,2,34,32,10,17,1
2019111709,0,-12.17745847,246,201,2,22,36,10,17,0
2019111710,1,-10.06300584,255,405,1,21,45,17,10,0
2019111710,0,0.239640725,300,334,0,23,49,17,10,1
2019111711,1,-3.424796047,283,158,2,34,18,7,17,1
2019111711,0,-26.17635907,267,350,1,24,50,7,17,0
2019111800,1,-7.528058915,440,412,4,19,55,24,17,0
2019111800,0,5.204365809,310,255,1,27,33,24,17,1
2019112100,1,11.24875959,396,423,1,24,31,17,20,1
2019112100,0,4.074047516,296,178,0,39,26,17,20,0
2019112400,0,11.26503734,446,284,2,34,28,35,22,1
2019112400,1,-3.914209504,337,531,2,19,62,35,22,0
2019112401,1,7.343614498,424,187,1,47,26,3,20,1
2019112401,0,-15.05626851,134,147,1,17,29,3,20,0
2019112402,1,-8.605013017,335,354,2,26,43,14,19,1
2019112402,0,-15.84305676,243,230,1,21,37,14,19,0
2019112403,0,-5.552516158,338,212,1,38,30,16,10,1
2019112403,1,-16.31992003,244,142,2,21,30,16,10,0
2019112404,0,-1.956080121,284,331,2,20,43,24,41,0
2019112404,1,14.65824828,467,284,1,32,35,24,41,1
2019112405,0,9.812291376,351,244,0,29,41,31,34,0
2019112405,1,18.39904529,418,374,2,18,41,31,34,1
2019112406,1,9.025242989,401,215,0,30,30,3,34,1
2019112406,0,-22.94320956,208,200,2,22,35,3,34,0
2019112407,0,-9.906035976,364,297,4,32,39,16,19,0
2019112407,1,-3.129596473,230,391,2,24,33,16,19,1
2019112408,1,22.69853789,471,137,2,33,19,20,42,1
2019112408,0,-0.558564563,371,380,1,27,53,20,42,0
2019112409,0,-14.68396068,321,185,1,26,33,9,13,0
2019112409,1,-11.88291282,282,385,0,27,39,9,13,1
2019112410,0,-22.14432021,200,240,1,28,43,8,37,0
2019112410,1,12.53284975,339,121,0,22,23,8,37,1
2019112411,1,-18.03774323,344,280,5,24,48,17,9,0
2019112411,0,-3.474718048,348,387,2,26,31,17,9,1
2019112500,0,35.23124084,480,191,0,48,26,45,6,1
2019112500,1,-9.167202822,221,312,2,9,39,45,6,0
2019112800,1,3.723594362,364,349,1,27,40,24,20,0
2019112800,0,12.59287682,419,335,1,23,39,24,20,1
2019112801,0,12.54557875,356,227,0,34,29,26,15,1
2019112801,1,-1.958230378,428,331,2,19,54,26,15,0
2019112802,1,-18.39522576,348,345,3,26,60,26,18,0
2019112802,0,4.335861107,279,173,0,18,31,26,18,1
2019120100,0,2.700659681,331,158,1,29,23,17,20,0
2019120100,1,5.084819615,283,197,1,38,24,17,20,1
2019120101,0,5.728248538,362,204,0,30,31,29,21,1
2019120101,1,-6.799080428,278,418,2,20,53,29,21,0
2019120102,0,-12.09985716,271,353,0,17,52,6,22,0
2019120102,1,0.790515289,277,258,0,25,38,6,22,1
2019120103,1,-15.14077451,391,322,3,24,43,31,17,0
2019120103,0,-1.770002636,292,167,2,30,28,31,17,1
2019120104,0,-4.604027353,315,337,1,31,37,26,11,1
2019120104,1,-27.06754263,244,214,4,17,47,26,11,0
2019120105,1,8.353320704,259,259,0,29,30,9,38,1
2019120105,0,-13.56538419,332,170,3,25,32,9,38,0
2019120106,0,13.5425752,388,506,1,19,49,31,37,0
2019120106,1,16.51122991,411,352,1,20,45,31,37,1
2019120107,0,15.25060485,322,272,0,26,33,31,13,1
2019120107,1,-5.385348793,335,273,3,27,37,31,13,0
2019120108,0,12.93202089,549,226,0,30,46,34,7,1
2019120108,1,-19.75768888,198,175,1,21,40,34,7,0
2019120109,1,-1.578503206,218,184,2,25,28,20,23,1
2019120109,0,-1.003608973,359,200,1,29,32,20,23,0
2019120110,0,-6.227549702,279,399,2,24,39,13,20,0
2019120110,1,1.711761004,323,253,1,32,22,13,20,1
2019120111,1,14.79788855,276,195,0,23,29,22,28,1
2019120111,0,7.990862005,448,498,1,29,51,22,28,0
2019120200,0,-3.267498899,354,266,3,14,38,30,37,0
2019120200,1,10.2078573,444,247,2,43,33,30,37,1
2019120500,0,0.167792213,408,513,0,22,51,24,31,0
2019120500,1,7.317513809,382,199,2,34,33,24,31,1
2019120800,0,-3.746020759,345,384,4,22,46,20,40,0
2019120800,1,19.61801683,461,322,0,32,35,20,40,1
2019120801,1,-13.26945031,211,400,1,23,46,24,17,0
2019120801,0,-1.818415324,257,148,1,33,26,24,17,1
2019120802,0,-3.405529075,451,290,1,31,41,19,27,0
2019120802,1,9.112987356,333,230,2,27,25,19,27,1
2019120803,0,-5.254687055,262,255,1,29,31,15,20,0
2019120803,1,5.744145024,341,219,1,28,32,15,20,1
2019120804,0,18.12659038,391,187,1,27,28,38,24,1
2019120804,1,1.128850309,414,434,3,22,53,38,24,0
2019120805,0,-12.79496021,231,267,2,22,45,7,20,0
2019120805,1,3.60798418,354,214,0,39,31,7,20,1
2019120806,0,22.74819056,516,242,1,24,39,48,46,1
2019120806,1,19.58800793,465,250,1,28,42,48,46,0
2019120807,1,1.162522453,374,391,1,32,37,21,22,1
2019120807,0,-2.131301703,358,318,1,26,39,21,22,0
2019120808,1,5.488840562,542,409,4,28,50,35,38,1
2019120808,0,-3.458642116,311,359,1,22,38,35,38,0
2019120809,0,36.43210473,525,262,0,30,28,45,10,1
2019120809,1,-7.785148813,252,207,0,23,40,45,10,0
2019120810,0,-4.284586585,275,93,2,35,22,23,17,1
2019120810,1,-12.9296953,236,209,3,22,35,23,17,0
2019120811,0,-1.392559145,346,219,2,29,41,23,16,1
2019120811,1,-20.1293106,278,257,1,23,40,23,16,0
2019120812,0,25.43004449,552,294,1,32,27,42,21,1
2019120812,1,1.460245916,355,247,1,24,36,42,21,0
2019120813,0,-5.588741777,308,395,1,21,41,12,28,0
2019120813,1,9.453617745,455,305,2,35,32,12,28,1
2019120900,0,-3.348548164,255,264,0,20,32,17,23,0
2019120900,1,0.938572488,418,314,1,32,53,17,23,1
2019121200,1,18.64355704,432,267,0,35,25,21,42,1
2019121200,0,-6.097444752,312,252,2,24,34,21,42,0
2019121500,1,6.782127583,414,245,3,29,43,30,24,0
2019121500,0,18.4733931,428,313,1,34,29,30,24,1
2019121501,0,10.57334759,291,152,1,32,31,34,13,1
2019121501,1,-14.49638766,315,228,4,32,31,34,13,0
2019121502,1,-12.50382825,295,354,3,18,45,38,17,0
2019121502,0,14.37341857,495,468,1,29,44,38,17,1
2019121503,0,-11.92768534,415,536,3,27,56,13,21,0
2019121503,1,-5.90997394,292,293,0,24,34,13,21,1
2019121504,1,10.52827909,421,329,1,25,39,3,23,1
2019121504,0,-11.98730756,251,234,1,15,42,3,23,0
2019121505,0,-5.175374192,384,324,1,25,44,20,36,0
2019121505,1,8.157926806,412,292,3,33,30,20,36,1
2019121506,0,-11.49275299,261,235,2,38,26,17,10,1
2019121506,1,-18.7298023,229,338,5,14,42,17,10,0
2019121507,1,8.425716378,432,383,1,28,39,24,21,0
2019121507,0,12.35287333,374,271,2,35,28,24,21,1
2019121508,0,15.85911224,415,209,1,28,45,37,27,1
2019121508,1,7.117758368,352,196,1,22,29,37,27,0
2019121509,0,2.626007938,393,254,2,23,44,24,38,0
2019121509,1,21.37523869,445,167,1,35,25,24,38,1
2019121510,0,5.765920127,262,241,0,22,31,20,16,1
2019121510,1,4.68988561,364,237,0,32,40,20,16,0
2019121511,1,32.49567662,475,137,0,45,23,21,44,1
2019121511,0,5.374524264,291,309,1,15,55,21,44,0
2019121512,1,0.669144929,313,135,3,27,35,29,22,0
2019121512,0,8.742517469,290,213,0,21,41,29,22,1
2019121513,1,-24.23307151,345,339,7,19,42,39,10,0
2019121513,0,8.198321573,344,195,1,37,25,39,10,1
2019121600,0,-11.91316053,205,311,0,17,35,7,34,0
2019121600,1,20.82112588,424,202,0,33,30,7,34,1
2019122100,0,-13.89458423,229,219,2,26,37,23,20,1
2019122100,1,-15.36394835,435,623,5,21,51,23,20,0
2019122101,1,9.637248111,416,167,1,35,34,17,24,1
2019122101,0,0.827613816,268,317,0,23,30,17,24,0
2019122102,0,3.302049416,395,289,1,24,46,31,34,0
2019122102,1,4.273123548,334,207,2,23,33,31,34,1
2019122200,1,9.543361482,348,216,0,33,34,17,27,1
2019122200,0,-4.125553138,191,250,0,21,28,17,27,0
2019122201,1,2.141618428,284,208,0,16,40,24,17,0
2019122201,0,15.64553282,366,137,0,29,33,24,17,1
2019122205,1,10.4930901,518,391,2,27,46,12,24,1
2019122205,0,-3.096448243,288,241,1,24,36,12,24,0
2019122206,0,18.61035226,481,247,1,40,31,31,15,1
2019122206,1,-3.443973317,241,293,1,19,35,31,15,0
2019122207,1,9.904287525,324,289,0,32,30,6,38,1
2019122207,0,-21.56930321,286,412,3,21,50,6,38,0
2019122208,0,10.48338047,434,586,1,26,62,35,38,0
2019122208,1,11.14933751,502,507,1,34,54,35,38,1
2019122209,0,-11.95770474,260,287,2,25,41,10,16,0
2019122209,1,-8.639395424,259,222,1,32,28,10,16,1
2019122210,0,16.68260208,377,274,0,23,43,38,28,1
2019122210,1,4.404186728,397,241,1,26,32,38,28,0
2019122211,1,14.84365291,361,309,0,26,41,41,35,0
2019122211,0,25.23469265,552,368,0,26,43,41,35,1
2019122212,0,-9.7134693,311,434,1,16,46,9,17,0
2019122212,1,1.889805442,431,203,0,30,41,9,17,1
2019122213,0,3.338880461,412,212,0,40,29,27,13,1
2019122213,1,-11.70946332,224,317,1,20,36,27,13,0
2019122214,0,15.80239318,350,244,0,29,34,26,3,1
2019122214,1,-9.726025137,234,275,0,22,37,26,3,0
2019122300,0,-6.207115314,385,266,3,32,44,23,10,1
2019122300,1,-21.55320236,139,251,1,16,37,23,10,0
2019122900,1,0.152024522,304,135,2,44,24,10,28,1
2019122900,0,-18.94527095,168,132,2,23,27,10,28,0
2019122901,1,-16.70749738,309,306,3,20,41,13,6,0
2019122901,0,-10.2064649,271,238,1,27,38,13,6,1
2019122902,0,19.95152285,379,207,0,35,32,42,10,1
2019122902,1,-15.90671964,329,373,3,18,51,42,10,0
2019122903,1,13.28242783,361,242,1,39,29,23,33,1
2019122903,0,4.278588692,313,405,3,20,33,23,33,0
2019122904,0,-20.50155866,271,241,2,20,39,16,47,0
2019122904,1,19.39423932,517,206,1,36,36,16,47,1
2019122905,0,6.291281629,432,770,1,30,56,23,20,1
2019122905,1,-2.199229676,305,278,1,25,31,23,20,0
2019122906,0,28.53991201,467,284,0,39,21,35,14,1
2019122906,1,3.758525143,301,308,1,25,40,35,14,0
2019122907,1,18.95248195,355,216,1,24,43,20,38,1
2019122907,0,-3.314684648,275,197,2,27,28,20,38,0
2019122908,1,19.68236596,336,142,1,23,25,21,31,1
2019122908,0,8.96670019,366,314,2,25,49,21,31,0
2019122909,0,1.532822977,337,214,1,34,41,21,19,1
2019122909,1,0.951371586,300,132,3,26,21,21,19,0
2019122910,1,5.319943649,352,308,2,27,30,27,24,0
2019122910,0,10.72290831,389,426,0,22,46,27,24,1
2019122911,1,-12.57978618,397,521,2,21,51,34,17,0
2019122911,0,6.781615449,400,301,0,31,41,34,17,1
2019122912,0,-12.28516887,373,311,1,30,57,28,21,1
2019122912,1,-16.11707769,331,258,3,22,25,28,21,0
2019122913,0,-5.243440858,477,305,1,22,49,15,16,0
2019122913,1,2.073980354,238,229,1,27,30,15,16,1
2019122914,0,2.8333303,393,393,5,17,44,24,31,0
2019122914,1,9.793369,424,352,0,33,46,24,31,1
2019122915,0,18.54681428,398,147,0,24,25,26,21,1
2019122915,1,11.8497859,348,267,0,30,41,26,21,0
